targets,layer,filename,fld_value,units,name,description,layer_gl,path_in,fld_id_num,fld_id_chr,fld_category,fld_year,fld_val_num,fld_val_chr,file_exists,year_min,year_max,val_min,val_max,val_0to1,flds_unused,flds_missing,rows_duplicated,num_ids_unique,data_na
AO,ao_access,ao_access_gl2016.csv,value,scaled 0-1,Artisanal fisheries opportunity,The opportunity for artisanal and recreational fishing based on the quality of management of the small-scale fishing sector,ao_access,~/github/ohi-global/eez/layers/ao_access.csv,rgn_id,,,year,value,,TRUE,2013,2013,0.632,0.632,TRUE,,,,9,FALSE
AO,ao_need,ao_need_gl2016.csv,value,scaled 0-1,Economic need for artisanal fishing,Per capita purchasing power parity (PPP) adjusted gross domestic product (GDP): GDPpcPPP as a proxy for subsistence fishing need,ao_need,~/github/ohi-global/eez/layers/ao_need.csv,rgn_id,,,year,value,,TRUE,2005,2016,0.971841157,1,TRUE,,,,9,FALSE
AO pressureCP pressureCS pressureCW pressureECO pressureFIS pressureHAB pressureICO pressureLIV pressureLSP pressureMAR pressureNP pressureSPP pressureTR pressure,ss_spi,ss_spi_gl2016.csv,pressure_score,scaled 0-1,Weakness of social progress,Inverse of Social Progress Index scores,ss_spi,~/github/ohi-global/eez/layers/ss_spi.csv,rgn_id,,,year,pressure_score,,TRUE,2014,2017,0.135708333,0.1379,TRUE,,,,9,FALSE
AO pressureCP pressureCS pressureCW pressureECO pressureFIS pressureHAB pressureICO pressureLIV pressureLSP pressureMAR pressureNP pressureSPP pressureTR pressure,ss_wgi,ss_wgi_gl2016.csv,pressure_score,scaled 0-1,Weakness of governance,Inverse of World Governance Indicators (WGI) six combined scores,ss_wgi,~/github/ohi-global/eez/layers/ss_wgi.csv,rgn_id,,,year,pressure_score,,TRUE,1996,2015,0.195694387,0.258245317,TRUE,,,,9,FALSE
AO pressureCP pressureCS pressureECO pressureFIS pressureHAB pressureICO pressureLIV pressureLSP pressureNP pressureSPP pressure,hd_intertidal,hd_intertidal_gl2016.csv,pressure_score,scaled 0-1,Intertidal habitat destruction,Coastal population density (25 mi from shore)  as a proxy for intertidal habitat destruction,hd_intertidal,~/github/ohi-global/eez/layers/hd_intertidal.csv,rgn_id,,,year,pressure_score,,TRUE,2000,2020,0.494542965,0.507515942,TRUE,,,,9,FALSE
AO pressureCP pressureCS pressureECO pressureFIS pressureHAB pressureICO pressureLIV pressureLSP pressureNP pressureSPP pressure,sp_alien,sp_alien_gl2016.csv,pressures.score,scaled 0-1,Nonindigenous species,Measure of harmful invasive species,sp_alien,~/github/ohi-global/eez/layers/sp_alien.csv,rgn_id,,,,pressures.score,,TRUE,,,1,1,TRUE,,,,9,FALSE
AO pressureCP pressureECO pressureFIS pressureHAB pressureICO pressureLIV pressureLSP pressureNP pressureSPP pressure,hd_subtidal_hb,hd_subtidal_hb_gl2016placeholder.csv,score,scaled 0-1,Subtidal hardbottom habitat destruction,High bycatch artisanal fishing practices (blast fishing) as a proxy for subtidal hard bottom habitat destruction,hd_subtidal_hb,~/github/ohi-global/eez/layers/hd_subtidal_hb.csv,rgn_id,,,year,score,,TRUE,2016,2016,0,0,TRUE,,,,9,FALSE
AO pressureECO pressureFIS pressureHAB pressureICO pressureLIV pressureNP pressureSPP pressure,fp_art_hb,fp_art_hb_gl2016placeholder.csv,pressure_score,scaled 0-1,High bycatch due to artisanal fishing,Presence of destructive artisanal blast and poison (cyanide) fishing.,fp_art_hb,~/github/ohi-global/eez/layers/fp_art_hb.csv,rgn_id,,,year,pressure_score,,TRUE,2016,2016,0,0,TRUE,,,,9,FALSE
AO pressureECO pressureFIS pressureHAB pressureICO pressureLIV pressureSPP pressure,fp_com_hb,fp_com_hb_gl2016.csv,pressure_score,scaled 0-1,High bycatch due to commercial fishing,Modeled destructive commercial fishing practices by 5 gear types and scaled by Net Primary Productivity,fp_com_hb,~/github/ohi-global/eez/layers/fp_com_hb.csv,rgn_id,,,year,pressure_score,,TRUE,2013,2016,0.196208612,0.201337777,TRUE,,,,9,FALSE
AO pressureECO pressureFIS pressureHAB pressureLIV pressureNP pressureSPP pressure,fp_com_lb,fp_com_lb_gl2016.csv,pressure_score,scaled 0-1,Low bycatch due to commercial fishing,Modeled destructive commercial fishing practices by 2 gear types and scaled by Net Primary Productivity,fp_com_lb,~/github/ohi-global/eez/layers/fp_com_lb.csv,rgn_id,,,year,pressure_score,,TRUE,2013,2016,0.196208612,0.201337777,TRUE,,,,9,FALSE
AO pressureECO pressureFIS pressureHAB pressureLIV pressureNP pressureSPP pressure,hd_subtidal_sb,hd_subtidal_sb_gl2016.csv,pressure_score,scaled 0-1,Subtidal soft bottom habitat destruction,"Demersal destructive commercial fishing practices (i.e., trawling) in soft bottom habitat as a proxy for soft bottom habitat destruction",hd_subtidal_sb,~/github/ohi-global/eez/layers/hd_subtidal_sb.csv,rgn_id,,,year,pressure_score,,TRUE,2003,2014,0,0,TRUE,,,,9,FALSE
AO resilienceCP resilienceCS resilienceCW resilienceECO resilienceFIS resilienceHAB resilienceICO resilienceLIV resilienceLSP resilienceMAR resilienceNP resilienceSPP resilienceTR resilience,res_spi,res_spi_gl2016.csv,resilience_score,scaled 0-1,Social Progress Index,Social Progress Index scores,res_spi,~/github/ohi-global/eez/layers/res_spi.csv,rgn_id,,,year,resilience_score,,TRUE,2014,2017,0.8621,0.864291667,TRUE,,,,9,FALSE
AO resilienceCP resilienceCS resilienceCW resilienceECO resilienceFIS resilienceHAB resilienceICO resilienceLIV resilienceLSP resilienceMAR resilienceNP resilienceSPP resilienceTR resilience,wgi_all,wgi_all_gl2016.csv,resilience_score,scaled 0-1,Strength of governance,World Governance Indicators (WGI) six combined scores,wgi_all,~/github/ohi-global/eez/layers/wgi_all.csv,rgn_id,,,year,resilience_score,,TRUE,1996,2015,0.741754683,0.804305613,TRUE,,,,9,FALSE
AO resilienceCP resilienceCS resilienceFIS resilienceHAB resilienceICO resilienceLSP resilienceNP resilienceSPP resilience,hd_habitat,hd_habitat_gl2016.csv,resilience score,scaled 0-1,Management of habitat to protect habitat biodiversity,Survey responses by country to the Convention on Biological Diversity (CBD) Third National Report: habitat related questions,hd_habitat,~/github/ohi-global/eez/layers/hd_habitat.csv,rgn_id,,,,resilience.score,,TRUE,,,0.363636364,0.363636364,TRUE,,,,9,FALSE
AO resilienceCP resilienceCS resilienceHAB resilienceNP resilience,hd_mpa_coast,hd_mpa_coast_gl2016.csv,resilience.score,scaled 0-1,Coastal protected marine areas (habitat preservation),Protected marine areas within 3nm of coastline (lasting special places goal status score),hd_mpa_coast,~/github/ohi-global/eez/layers/hd_mpa_coast.csv,rgn_id,,,year,resilience.score,,TRUE,2011,2017,0.455548489,0.461778592,TRUE,,,,9,FALSE
AO resilienceFIS resilienceHAB resilienceICO resilienceNP resilienceSPP resilience,fp_habitat,fp_habitat_gl2016.csv,resilience score,scaled 0-1,Management of habitat to protect fisheries biodiversity,Survey responses by country to the Convention on Biological Diversity (CBD) Third National Report: habitat related questions,fp_habitat,~/github/ohi-global/eez/layers/fp_habitat.csv,rgn_id,,,,resilience.score,,TRUE,,,0.363636364,0.363636364,TRUE,,,,9,FALSE
AO resilienceFIS resilienceHAB resilienceICO resilienceNP resilienceSPP resilience,fp_mora,fp_mora_gl2016.csv,value,scaled 0-1,Commercial fishing management,Regulations and management of commerical fishing,fp_mora,~/github/ohi-global/eez/layers/fp_mora.csv,rgn_id,,,,value,,TRUE,,,0.612622254,0.612622254,TRUE,,,,9,FALSE
AO resilienceHAB resilienceNP resilience,fp_mpa_coast,fp_mpa_coast_gl2016.csv,resilience.score,scaled 0-1,Coastal protected marine areas (fishing preservation),Protected marine areas within 3nm of coastline (lasting special places goal status score),fp_mpa_coast,~/github/ohi-global/eez/layers/fp_mpa_coast.csv,rgn_id,,,year,resilience.score,,TRUE,2011,2017,0.455548489,0.461778592,TRUE,,,,9,FALSE
AO resilienceHAB resilienceNP resilience,species_diversity_3nm,species_diversity_3nm_gl2016.csv,score,scaled 0-1,Measure of coastal ecological integrity,Marine species condition (same calculation and data as the species subgoal status score)  calculated within 3 nm of shoreline as a proxy for ecological integrity,species_diversity_3nm,~/github/ohi-global/eez/layers/species_diversity_3nm.csv,rgn_id,,,,score,,TRUE,,,0.911090488,0.911090488,TRUE,,,,9,FALSE
CP,hab_coral_extent,hab_coral_extent_gl2016.csv,km2,km2,Habitat extent of saltmarsh,Area of coral habitat,hab_coral_extent,~/github/ohi-global/eez/layers/hab_coral_extent.csv,rgn_id,,habitat,year,km2,,TRUE,2012,2012,3968.92,3968.92,FALSE,,,,9,FALSE
CP,hab_seaice_extent,hab_seaice_extent_gl2016.csv,km2,km2,Habitat extent of saltmarsh,Area of seaice (edge and shoreline) habitat,hab_seaice_extent,~/github/ohi-global/eez/layers/hab_seaice_extent.csv,rgn_id,,habitat,year,km2,,TRUE,2016,2016,73970.17045,177102.2727,FALSE,,,,9,FALSE
CP pressureCS pressureECO pressureHAB pressureICO pressureNP pressureSPP pressure,cc_acid,cc_acid_gl2016.csv,pressure_score,scaled 0-1,Ocean acidification,Ocean acidification pressure scaled using biological thresholds,cc_acid,~/github/ohi-global/eez/layers/cc_acid.csv,rgn_id,,,year,pressure_score,,TRUE,1958,2020,0.161168126,0.395358606,TRUE,,,,9,FALSE
CP pressureCS pressureECO pressureHAB pressureICO pressureNP pressureSPP pressure,cc_sst,cc_sst_gl2016.csv,pressure_score,scaled 0-1,Sea surface temperature,Sea surface temperature anomalies,cc_sst,~/github/ohi-global/eez/layers/cc_sst.csv,rgn_id,,,year,pressure_score,,TRUE,2012,2016,0.141200672,0.238756418,TRUE,,,,9,FALSE
CP pressureCS pressureECO pressureHAB pressureLIV pressureLSP pressureMAR pressureNP pressureTR pressure,cc_slr,cc_slr_gl2016.csv,pressure_score,scaled 0-1,Sea level rise,Sea level rise pressure,cc_slr,~/github/ohi-global/eez/layers/cc_slr.csv,rgn_id,,,year,pressure_score,,TRUE,1993,2016,0.031926854,0.32881787,TRUE,,,,9,FALSE
CP pressureHAB pressureNP pressureSPP pressure,cc_uv,cc_uv_gl2016.csv,pressure_score,scaled 0-1,UV radiation,Modeled UV radiation,cc_uv,~/github/ohi-global/eez/layers/cc_uv.csv,rgn_id,,,year,pressure_score,,TRUE,2012,2016,0.245730294,0.305541293,TRUE,,,,9,FALSE
CP resilienceCS resilienceCW resilienceHAB resilienceICO resilienceLSP resilienceMAR resilienceNP resilienceSPP resilienceTR resilience,po_water,po_water_gl2016.csv,resilience score,scaled 0-1,Management of waters to preserve biodiversity,Survey responses by country to the Convention on Biological Diversity (CBD) Third National Report: tourism related questions,po_water,~/github/ohi-global/eez/layers/po_water.csv,rgn_id,,,,resilience.score,,TRUE,,,0,0,TRUE,,,,9,FALSE
CPHAB,hab_coral_health,hab_coral_health_gl2016.csv,health,proportion,Habitat condition of seagrass,Current condition of coral habitat relative to historical condition,hab_coral_health,~/github/ohi-global/eez/layers/hab_coral_health.csv,rgn_id,,habitat,year,health,,TRUE,2012,2012,0.422873323,0.422873323,TRUE,,,,9,FALSE
CPHAB,hab_coral_trend,hab_coral_trend_gl2016.csv,trend,trend,Habitat condition trend of seagrass,Estimated change in coral condition,hab_coral_trend,~/github/ohi-global/eez/layers/hab_coral_trend.csv,rgn_id,,habitat,year,trend,,TRUE,2012,2012,-0.026595953,-0.026595953,FALSE,,,,9,FALSE
CPHAB,hab_seaice_health,hab_seaice_health_gl2016.csv,health,proportion,Habitat condition of seagrass,Current condition of seaice habitat relative to historical condition,hab_seaice_health,~/github/ohi-global/eez/layers/hab_seaice_health.csv,rgn_id,,habitat,year,health,,TRUE,2006,2016,0.822872993,1,TRUE,,,,9,FALSE
CPHAB,hab_seaice_trend,hab_seaice_trend_gl2016.csv,trend,trend,Habitat condition trend of seagrass,Estimated change in seaice condition,hab_seaice_trend,~/github/ohi-global/eez/layers/hab_seaice_trend.csv,rgn_id,,habitat,year,trend,,TRUE,2010,2016,-0.191885965,0.037890232,FALSE,,,,9,FALSE
CSCP,hab_mangrove_extent,hab_mangrove_extent_gl2016.csv,km2,km2,Habitat extent of mangrove,Area of mangrove habitat,hab_mangrove_extent,~/github/ohi-global/eez/layers/hab_mangrove_extent.csv,rgn_id,,habitat,year,km2,,TRUE,2015,2015,125.096159,1447.704175,FALSE,,,,9,FALSE
CSCP,hab_saltmarsh_extent,hab_saltmarsh_extent_gl2016.csv,km2,km2,Habitat extent of saltmarsh,Area of saltmarsh habitat,hab_saltmarsh_extent,~/github/ohi-global/eez/layers/hab_saltmarsh_extent.csv,rgn_id,,habitat,year,km2,,TRUE,2012,2012,15747,15747,FALSE,,,,9,FALSE
CSCP,hab_seagrass_extent,hab_seagrass_extent_gl2016.csv,km2,km2,Habitat extent of saltmarsh,Area of seagrass habitat,hab_seagrass_extent,~/github/ohi-global/eez/layers/hab_seagrass_extent.csv,rgn_id,,habitat,year,km2,,TRUE,2012,2012,17906,17906,FALSE,,,,9,FALSE
CSHABCP,hab_mangrove_health,hab_mangrove_health_gl2016.csv,health,proportion,Habitat condition of mangrove,Current condition of mangrove habitat relative to historical condition,hab_mangrove_health,~/github/ohi-global/eez/layers/hab_mangrove_health.csv,rgn_id,,habitat,year,health,,TRUE,2012,2012,0.709090909,0.709090909,TRUE,,,,9,FALSE
CSHABCP,hab_mangrove_trend,hab_mangrove_trend_gl2016.csv,trend,trend,Habitat condition trend of mangrove,Estimated change in mangrove condition,hab_mangrove_trend,~/github/ohi-global/eez/layers/hab_mangrove_trend.csv,rgn_id,,habitat,year,trend,,TRUE,2012,2015,-0.009989,-0.006538,FALSE,,,,9,FALSE
CSHABCP,hab_saltmarsh_health,hab_saltmarsh_health_gl2016.csv,health,proportion,Habitat condition of saltmarsh,Current condition of saltmarsh habitat relative to historical condition,hab_saltmarsh_health,~/github/ohi-global/eez/layers/hab_saltmarsh_health.csv,rgn_id,,habitat,year,health,,TRUE,2012,2012,0.5,0.5,TRUE,,,,9,FALSE
CSHABCP,hab_saltmarsh_trend,hab_saltmarsh_trend_gl2016.csv,trend,trend,Habitat condition trend of saltmarsh,Estimated change in saltmarsh condition,hab_saltmarsh_trend,~/github/ohi-global/eez/layers/hab_saltmarsh_trend.csv,rgn_id,,habitat,year,trend,,TRUE,2012,2012,0,0,TRUE,,,,9,FALSE
CSHABCP,hab_seagrass_health,hab_seagrass_health_gl2016.csv,health,proportion,Habitat condition of seagrass,Current condition of seagrass habitat relative to historical condition,hab_seagrass_health,~/github/ohi-global/eez/layers/hab_seagrass_health.csv,rgn_id,,habitat,year,health,,TRUE,2012,2012,1,1,TRUE,,,,9,FALSE
CSHABCP,hab_seagrass_trend,hab_seagrass_trend_gl2016.csv,trend,trend,Habitat condition trend of seagrass,Estimated change in seagrass condition,hab_seagrass_trend,~/github/ohi-global/eez/layers/hab_seagrass_trend.csv,rgn_id,,habitat,year,trend,,TRUE,2012,2012,-1,-1,FALSE,,,,9,FALSE
CW,cw_chemical_trend,cw_chemical_trend_gl2016.csv,trend,trend,Chemical pollution trend,"Trends in chemical pollution, based on commercial shipping traffic, ports and harbors, land-based pesticide use (organic pollution), and urban runoff (inorganic pollution) within EEZ",cw_chemical_trend,~/github/ohi-global/eez/layers/cw_chemical_trend.csv,rgn_id,,,year,trend,,TRUE,2012,2016,-0.0587,0.0125,FALSE,,,,9,FALSE
CW,cw_nutrient_trend,cw_nutrient_trend_gl2016.csv,trend,trend,Nutrient pollution trend,"Trends in nutrient pollution, based on fertilizer consumption as a proxy for nutrient pollution",cw_nutrient_trend,~/github/ohi-global/eez/layers/cw_nutrient_trend.csv,rgn_id,,,year,trend,,TRUE,2012,2016,-0.1404,0.0579,FALSE,,,,9,FALSE
CW,cw_pathogens,cw_pathogens.csv,perc_open,proportion,Yearly proportion of beach free of pathogens,Average annual proportion that a regions beaches are open and free of pathogens,cw_pathogens,~/github/ohi-global/eez/layers/cw_pathogen_trend.csv,rgn_id,,,year,trend,,TRUE,2005,2016,-1,0,FALSE,,,,9,FALSE
CW,cw_trash_trend,cw_trash_trend_gl2016.csv,trend,trend,Plastic trash trends,Trends in trash estimated using improperly disposed of plastics,cw_trash_trend,~/github/ohi-global/eez/layers/cw_trash_trend.csv,rgn_id,,,year,trend,,TRUE,2016,2016,0.074303619,0.074303619,TRUE,,,,9,FALSE
CWAO pressureCP pressureCS pressureCW pressureECO pressureHAB pressureICO pressureLIV pressureLSP pressureMAR pressureTR pressure,po_nutrients_3nm,po_nutrients_3nm_gl2016.csv,pressure_score,scaled 0-1,Coastal nutrient pollution,Modeled nutrient pollution within EEZ based on fertilizer consumption,po_nutrients_3nm,~/github/ohi-global/eez/layers/po_nutrients_3nm.csv,rgn_id,,,year,pressure_score,,TRUE,2012,2016,0.111484662,0.119391819,TRUE,,,,9,FALSE
CWAO pressureCP pressureCS pressureCW pressureHAB pressureICO pressureLSP pressureTR pressure,po_chemicals_3nm,po_chemicals_3nm_gl2016.csv,pressure_score,scaled 0-1,Coastal chemical pollution,"Modeled chemical pollution within 3nm of coastline from commercial shipping traffic, ports and harbors, land-based pesticide use (organic pollution), and urban runoff (inorganic pollution)",po_chemicals_3nm,~/github/ohi-global/eez/layers/po_chemicals_3nm.csv,rgn_id,,,year,pressure_score,,TRUE,2012,2016,0.333106102,0.33807195,TRUE,,,,9,FALSE
CWCW pressureECO pressureICO pressureLIV pressureLSP pressureSPP pressureTR pressure,po_trash,po_trash_gl2016.csv,pressure_score,scaled 0-1,Marine plastics,Global marine plastic pollution,po_trash,~/github/ohi-global/eez/layers/po_trash.csv,rgn_id,,,year,pressure_score,,TRUE,2015,2015,0.395739373,0.395739373,TRUE,,,,9,FALSE
CWCW pressureECO pressureLIV pressureTR pressure,prs_pathogens,prs_pathogens.csv,perc_closed,scaled 0-1,Pathogen pollution,Percent of year with beaches closed due to presence of pathogens,prs_pathogens,~/github/ohi-global/eez/layers/po_pathogens.csv,rgn_id,,,year,pressure_score,,TRUE,2005,2016,0,0,TRUE,,,,9,FALSE
ECO pressureFIS pressureHAB pressureLIV pressureNP pressureSPP pressure,fp_art_lb,fp_art_lb_gl2016.csv,pressure_score,scaled 0-1,Low bycatch due to artisanal fishing,"Extent of artisanal fishing (including: artisanal, subsistence, and recreational catch)",fp_art_lb,~/github/ohi-global/eez/layers/fp_art_lb.csv,rgn_id,,,year,pressure_score,,TRUE,2013,2016,0.432072301,0.436297505,TRUE,,,,9,FALSE
ECO pressureFIS pressureLIV pressureMAR pressureNP pressureSPP pressure,po_chemicals,po_chemicals_gl2016.csv,pressure_score,scaled 0-1,Chemical pollution,"Modeled chemical pollution within EEZ from commercial shipping traffic, ports and harbors, land-based pesticide use (organic pollution), and urban runoff (inorganic pollution)",po_chemicals,~/github/ohi-global/eez/layers/po_chemicals.csv,rgn_id,,,year,pressure_score,,TRUE,2012,2016,0.217349282,0.217600444,TRUE,,,,9,FALSE
ECO pressureFIS pressureLIV pressureNP pressureSPP pressure,po_nutrients,po_nutrients_gl2016.csv,pressure_score,scaled 0-1,Nutrient pollution,Modeled nutrient pollution within 3nm of coastline based on fertilizer consumption,po_nutrients,~/github/ohi-global/eez/layers/po_nutrients.csv,rgn_id,,,year,pressure_score,,TRUE,2012,2016,0.005828456,0.006272852,TRUE,,,,9,FALSE
ECO pressureFIS pressureLIV pressureSPP pressure,sp_genetic,sp_genetic_gl2016.csv,pressure_score,scaled 0-1,Genetic escapes,Introduced mariculture species (Mariculture Sustainability Index) as a proxy for genetic escapes,sp_genetic,~/github/ohi-global/eez/layers/sp_genetic.csv,rgn_id,,,year,pressure_score,,TRUE,1950,2015,0.30309492,0.559606751,TRUE,,,,9,FALSE
FIS,fis_b_bmsy,fis_b_bmsy_gl2016.csv,bbmsy,B/Bmsy,B/Bmsy estimates,The ratio of fish population abundance compared to the abundance required to deliver maximum sustainable yield (RAM data and catch-MSY),fis_b_bmsy,~/github/ohi-global/eez/layers/fis_b_bmsy.csv,rgn_id,,stock_id,year,bbmsy,,TRUE,2001,2010,0.0154,8.96,FALSE,,,,9,FALSE
FIS,fis_meancatch,fis_meancatch_gl2016.csv,mean_catch,tonnes,Fishery catch data,Mean commercial catch for each OHI region (averaged across years),fis_meancatch,~/github/ohi-global/eez/layers/fis_meancatch.csv,rgn_id,,stock_id_taxonkey,year,mean_catch,,TRUE,2001,2010,6.77E-17,992033.182,FALSE,,,,9,FALSE
FIS resilienceHAB resilienceICO resilienceNP resilience,species_diversity_eez,species_diversity_eez_gl2016.csv,score,scaled 0-1,Measure of ecological integrity,Marine species condition (species subgoal status score) as a proxy for ecological integrity,species_diversity_eez,~/github/ohi-global/eez/layers/species_diversity_eez.csv,rgn_id,,,,score,,TRUE,,,0.905754359,0.905754359,TRUE,,,,9,FALSE
FIS resilienceHAB resilienceICO resilienceNP resilienceSPP resilience,fp_mora_artisanal,fp_mora_artisanal_gl2016.csv,value,scaled 0-1,Artisanal fisheries management effectiveness,Quality of management of small-scale fishing for artisanal and recreational purposes,fp_mora_artisanal,~/github/ohi-global/eez/layers/fp_mora_artisanal.csv,rgn_id,,,,value,,TRUE,,,0.632,0.632,TRUE,,,,9,FALSE
FIS resilienceHAB resilienceICO resilienceNP resilienceSPP resilience,fp_mpa_eez,fp_mpa_eez_gl2016.csv,resilience.score,scaled 0-1,EEZ protected marine areas (fishing preservation),Protected marine areas within EEZ (lasting special places calculation applied to the entire EEZ),fp_mpa_eez,~/github/ohi-global/eez/layers/fp_mpa_eez.csv,rgn_id,,,year,resilience.score,,TRUE,2011,2017,0.616198944,0.621388137,TRUE,,,,9,FALSE
FIS resilienceHAB resilienceICO resilienceNP resilienceSPP resilience,hd_mpa_eez,hd_mpa_eez_gl2016.csv,resilience.score,scaled 0-1,EEZ protected marine areas (habitat preservation),Protected marine areas within EEZ (lasting special places calculation applied to the entire EEZ),hd_mpa_eez,~/github/ohi-global/eez/layers/hd_mpa_eez.csv,rgn_id,,,year,resilience.score,,TRUE,2011,2017,0.616198944,0.621388137,TRUE,,,,9,FALSE
FP,fp_wildcaught_weight,fp_wildcaught_weight_gl2016.csv,w_fis,proportion,Food provision weights,"Proportion of wild caught fisheries relative to total food production (e.g., fisheries and mariculture)",fp_wildcaught_weight,~/github/ohi-global/eez/layers/fp_wildcaught_weight.csv,rgn_id,,,year,w_fis,,TRUE,2012,2016,0.966036698,0.974449194,TRUE,,,,9,FALSE
HAB,hab_softbottom_health,hab_softbottom_health_gl2016.csv,health,proportion,Habitat condition of softbottom,Current condition of softbottom habitat (trawling fishing pressure used as proxy),hab_softbottom_health,~/github/ohi-global/eez/layers/hab_softbottom_health.csv,rgn_id,,habitat,year,health,,TRUE,2003,2014,1,1,TRUE,,,,9,FALSE
HAB,hab_softbottom_trend,hab_softbottom_trend_gl2016.csv,trend,trend,Habitat condition trend of softbottom,Estimated change in softbottom condition,hab_softbottom_trend,~/github/ohi-global/eez/layers/hab_softbottom_trend.csv,rgn_id,,habitat,year,trend,,TRUE,2010,2014,0,0,TRUE,,,,9,FALSE
HAB resilienceMAR resilienceSPP resilience,g_mariculture,g_mariculture_gl2016.csv,resilience score,scaled 0-1,Management of mariculture  to preserve biodiversity,Survey responses by country to the Convention on Biological Diversity (CBD) Third National Report: mariculture related questions,g_mariculture,~/github/ohi-global/eez/layers/g_mariculture.csv,rgn_id,,,,resilience.score,,TRUE,,,0.5,0.5,TRUE,,,,9,FALSE
HAB resilienceSPP resilience,g_tourism,g_tourism_gl2016.csv,resilience score,scaled 0-1,Management of tourism to preserve biodiversity,Survey responses by country to the Convention on Biological Diversity (CBD) Third National Report: tourism related questions,g_tourism,~/github/ohi-global/eez/layers/g_tourism.csv,rgn_id,,,,resilience.score,,TRUE,,,0.444444444,0.444444444,TRUE,,,,9,FALSE
ICO,ico_spp_iucn_status,ico_spp_iucn_status_gl2016.csv,category,IUCN risk category,IUCN extinction risk,IUCN extinction risk category for iconic species located within each region,ico_spp_iucn_status,~/github/ohi-global/eez/layers/ico_spp_iucn_status.csv,rgn_id,,sciname,year,,category,TRUE,2000,2016,,,FALSE,iucn_sid,,1836,9,
ICO pressureSPP pressure,fp_targetharvest,fp_targetharvest_gl2016.csv,pressure_score,scaled 0-1,Targeted harvest of cetaceans and marine turtles,Targeted harvest of cetaceans and marine turtles,fp_targetharvest,~/github/ohi-global/eez/layers/fp_targetharvest.csv,rgn_id,,,year,pressure_score,,TRUE,2012,2016,0.015598946,0.172329653,TRUE,,,,9,FALSE
ICO resilienceNP resilienceSPP resilience,g_cites,g_cites_gl2016.csv,resilience_score,0 or 1,CITES signatories,Convention on International Trade in Endangered Species of Wild Fauna and Flora (CITES) signatories,g_cites,~/github/ohi-global/eez/layers/g_cites.csv,rgn_id,,,year,resilience_score,,TRUE,2012,2015,1,1,TRUE,,,,9,FALSE
LE,le_job_growth,le_job_growth.csv,coast_job_growth,rate,job growth wate,growth rate of jobs compared to the average of the previous 3 years,le_popn,~/github/ohi-global/eez/layers/le_coast_jobs.csv,rgn_id,,,,,,,,,,,,,,,,
LE,le_coast_wages,le_coast_wages.csv,wage_growth_rate,rate,wage growth rate,growth rate in wages compared to the average of the previous 3 years,le_wage_sector_year,~/github/ohi-global/eez/layers/le_coast_wages.csv,rgn_id,,,,,,,,,,,,,,,,
LE,eco_coast_gdp,eco_coast_gdp.csv,gdp_growth_rate,rate,GDP growth rate,GDP growth rate for coastal jobs,,~/github/ohi-global/eez/layers/eco_coast_gdp.csv,rgn_id,,,,,,,,,,,,,,,,
LSP,lsp_prot_area_inland1km,lsp_prot_area_inland1km_gl2016.csv,a_prot_1km,km2,Inland coastal protected areas,Protected areas located 1 km inland,lsp_prot_area_inland1km,~/github/ohi-global/eez/layers/lsp_prot_area_inland1km.csv,rgn_id,,,year,a_prot_1km,,TRUE,2000,2017,23778.5,25873.25,FALSE,,,,9,FALSE
LSP,lsp_prot_area_offshore3nm,lsp_prot_area_offshore3nm_gl2016.csv,a_prot_3nm,km2,Offshore coastal protected areas,Protected areas located 3nm offshore,lsp_prot_area_offshore3nm,~/github/ohi-global/eez/layers/lsp_prot_area_offshore3nm.csv,rgn_id,,,year,a_prot_3nm,,TRUE,2000,2017,36921.5,39969.5,FALSE,,,,9,FALSE
LSP,rgn_area_inland1km,rgn_area_inland1km_gl2016.csv,area,km2,Inland area,Inland area of OHI regions within 1km of shoreline,rgn_area_inland1km,~/github/ohi-global/eez/layers/rgn_area_inland1km.csv,rgn_id,,,,area,,TRUE,,,83935,83935,FALSE,,,,9,FALSE
LSP,rgn_area_offshore3nm,rgn_area_offshore3nm_gl2016.csv,area,km2,Offshore area,Offshore area of OHI regions within 3nm of shoreline,rgn_area_offshore3nm,~/github/ohi-global/eez/layers/rgn_area_offshore3nm.csv,rgn_id,,,,area,,TRUE,,,288518.5,288518.5,FALSE,,,,9,FALSE
MAR,mar_coastalpopn_inland25mi,mar_coastalpopn_inland25mi_gl2016.csv,popsum,number of people,Inland coastal population,Total coastal population within 25 miles of coast,mar_coastalpopn_inland25mi,~/github/ohi-global/eez/layers/mar_coastalpopn_inland25mi.csv,rgn_id,,,year,popsum,,TRUE,2000,2020,98180394.97,111119647.1,FALSE,,,,9,FALSE
MAR,mar_harvest_tonnes,mar_harvest_tonnes_gl2016.csv,tonnes,tonnes,Mariculture harvest,Tonnes of mariculture harvest,mar_harvest_tonnes,~/github/ohi-global/eez/layers/mar_harvest_tonnes.csv,rgn_id,,taxa_code,year,tonnes,,TRUE,1950,2015,0,129060,FALSE,,,,9,FALSE
MAR,mar_sustainability_score,mar_sustainability_score_gl2016.csv,sust_coeff,score,Mariculture sustainability score,Mariculture sustainability based on the Mariculture Sustainability Index (MSI),mar_sustainability_score,~/github/ohi-global/eez/layers/mar_sustainability_score.csv,rgn_id,,taxa_code,year,sust_coeff,,TRUE,2012,2012,0.366666667,1,TRUE,,,,9,FALSE
MAR resilience,g_msi_gov,g_msi_gov_gl2016.csv,resilience score,scaled 0-1,Mariculture Sustainability Index,Mariculture practice assessment criteria from the Mariculture Sustainability Index (MSI),g_msi_gov,~/github/ohi-global/eez/layers/g_msi_gov.csv,rgn_id,,,,resilience.score,,TRUE,,,0.627777778,0.627777778,TRUE,,,,9,FALSE
NP,hab_rockyreef_extent,hab_rockyreef_extent_gl2016.csv,km2,km2,Habitat extent of rocky reef,Area of rocky reef habitat,hab_rockyreef_extent,~/github/ohi-global/eez/layers/hab_rockyreef_extent.csv,rgn_id,,habitat,year,km2,,TRUE,2012,2012,55055,55055,FALSE,,,,9,FALSE
NP,np_blast,np_blast_gl2016placeholder.csv,score,score,Areas of blast fishing,Destructive artisanal blast fishing,np_blast,~/github/ohi-global/eez/layers/np_blast.csv,rgn_id,,,year,score,,TRUE,2016,2016,2016,2016,FALSE,,,,9,FALSE
NP,np_cyanide,np_cyanide_gl2016placeholder.csv,score,score,Areas of poison fishing,Destructive artisanal poison (cyanide) fishing,np_cyanide,~/github/ohi-global/eez/layers/np_cyanide.csv,rgn_id,,,year,score,,TRUE,2016,2016,2016,2016,FALSE,,,,9,FALSE
NP,np_harvest_product_weight,np_harvest_product_weight_gl2016.csv,weight,proportion,Relative harvest value,"Relative importance of six marine commodities (coral, fish oil, seaweed and plants, shells, sponges, ornamental fish) within each region determined by dividing the max USD value (determined across most recent 10 years of data) of each product and dividing by the sum of the max USD values of all products",np_harvest_product_weight,~/github/ohi-global/eez/layers/np_harvest_product_weight.csv,rgn_id,,product,year,weight,,TRUE,2013,2013,0.027783878,0.66137215,TRUE,,,,9,FALSE
NP,np_harvest_tonnes,np_harvest_tonnes_gl2016.csv,tonnes,tonnes,Natural product harvest,"Yield in metric tonnes of six marine commodities (coral, fish oil, seaweed and plants, shells, sponges, ornamental fish)",np_harvest_tonnes,~/github/ohi-global/eez/layers/np_harvest_tonnes.csv,rgn_id,,product,year,tonnes,,TRUE,1976,2013,87,145708.5,FALSE,,,,9,FALSE
NP,np_harvest_tonnes_relative,np_harvest_tonnes_relative_gl2016.csv,tonnes_rel,proportion,Relative harvest tonnes,Tonnes of harvest of each commodity relative to maximum harvest (with 35% buffer) of the commodity within the region observed across years,np_harvest_tonnes_relative,~/github/ohi-global/eez/layers/np_harvest_tonnes_relative.csv,rgn_id,,product,year,tonnes_rel,,TRUE,1976,2013,0.082659351,1,TRUE,,,,9,FALSE
spatial,rgn_area,rgn_area.csv,area_km2,km2,Region areas based on EEZ boundaries,Area of Ocean Health Index regions modified from exclusive economic zones,rgn_area,~/github/ohi-global/eez/layers/rgn_area.csv,rgn_id,,,,area_km2,,TRUE,,,8591243.712,8591243.712,FALSE,,,,9,FALSE
spatial,rgn_georegions,rgn_georegions_gl2016.csv,georgn_id,UN regions,UN geopolitical region classifications,"UN geopolitical regions (3 levels), often used for gapfilling missing data",rgn_georegions,~/github/ohi-global/eez/layers/rgn_georegions.csv,rgn_id,,level,,georgn_id,,TRUE,,,1,21,FALSE,,,,9,FALSE
spatial,rgn_global,rgn_global.csv,label,label,OHI regions,Subset of regions that are not deleted or disputed,rgn_global,~/github/ohi-global/eez/layers/rgn_global.csv,rgn_id,,,,,label,TRUE,,,,,FALSE,,,,9,
spatial,rgn_labels,rgn_labels.csv,label,label,Regions,"Regions by type (eez, subocean, unclaimed)",rgn_labels,~/github/ohi-global/eez/layers/rgn_labels.csv,rgn_id,,type,,,label,TRUE,,,,,FALSE,,,,9,
SPP,spp_status,spp_status_gl2016.csv,score,status score,Average species condition,Species condition based on average of IUCN threat categories,spp_status,~/github/ohi-global/eez/layers/spp_status.csv,rgn_id,,,,score,,TRUE,,,0.905754359,0.905754359,TRUE,,,,9,FALSE
SPP,spp_trend,spp_trend_gl2016.csv,score,trend score,Average species condition trend,Species trends based on average of IUCN population trend data,spp_trend,~/github/ohi-global/eez/layers/spp_trend.csv,rgn_id,,,,score,,TRUE,,,-0.138221063,-0.138221063,FALSE,,,,9,FALSE
TR,tr_job_growth,tr_job_growth.csv,tr_job_growth,rate,job growth rate,Job growth rate in T&R sector compared to avg of previous 3 years,tr_jobs_pct_tourism,~/github/ohi-global/eez/layers/tr_jobs_pct_tourism.csv,rgn_id,,,year,,,TRUE,2005,2015,0.0351559,0.043259,TRUE,,,,9,FALSE
weighting,element_wts_cp_km2_x_protection,element_wts_cp_km2_x_protection_gl2016.csv,extent_rank,extent*rank,Coastal protection weights,"Habitat extent multiplied by habitat protection rank for: coral, mangrove (offshore and inland 1km), saltmarsh, sea ice (shoreline), and seagrass",element_wts_cp_km2_x_protection,~/github/ohi-global/eez/layers/element_wts_cp_km2_x_protection.csv,rgn_id,,habitat,,extent_rank,,TRUE,,,,,FALSE,,,,9,TRUE
weighting,element_wts_cs_km2_x_storage,element_wts_cs_km2_x_storage_gl2016.csv,extent_rank,extent*storage,Carbon storage weights,"Habitat extent multiplied by carbon storage capacity for: mangrove, saltmarsh, and seagrass",element_wts_cs_km2_x_storage,~/github/ohi-global/eez/layers/element_wts_cs_km2_x_storage.csv,rgn_id,,habitat,,extent_rank,,TRUE,,,,,FALSE,,,,9,TRUE
weighting,element_wts_hab_pres_abs,element_wts_hab_pres_abs_gl2016.csv,boolean,boolean,Habitat weights,List of habitats in each region,element_wts_hab_pres_abs,~/github/ohi-global/eez/layers/element_wts_hab_pres_abs.csv,rgn_id,,habitat,,boolean,,TRUE,,,,,FALSE,,,,9,TRUE
,hab_softbottom_extent,hab_softbottom_extent_gl2016.csv,km2,km2,Habitat extent of softbottom,Area of softbottom habitat,hab_softbottom_extent,~/github/ohi-global/eez/layers/hab_softbottom_extent.csv,rgn_id,,habitat,year,km2,,TRUE,2012,2012,1992818.613,1992818.613,FALSE,,,,9,FALSE
,sp_alien_species,sp_alien_species_gl2016.csv,resilience score,scaled 0-1,Management of nonindigenous species,Survey responses by country to the Convention on Biological Diversity (CBD) Third National Report: invasive species related questions,sp_alien_species,~/github/ohi-global/eez/layers/sp_alien_species.csv,rgn_id,,,,resilience.score,,TRUE,,,0.125,0.125,TRUE,,,,9,FALSE