goal,dimension,region_id,score,year
AO,future,0,100,2012
AO,future,1,100,2012
AO,future,2,100,2012
AO,future,3,100,2012
AO,future,4,100,2012
AO,future,5,100,2012
AO,future,6,100,2012
AO,future,7,100,2012
AO,future,8,100,2012
AO,future,9,100,2012
AO,pressures,1,19.62,2012
AO,pressures,2,19.62,2012
AO,pressures,3,19.62,2012
AO,pressures,4,19.62,2012
AO,pressures,5,19.62,2012
AO,pressures,6,19.62,2012
AO,pressures,7,19.62,2012
AO,pressures,8,19.62,2012
AO,pressures,9,19.62,2012
AO,resilience,1,74.19,2012
AO,resilience,2,74.19,2012
AO,resilience,3,74.19,2012
AO,resilience,4,74.19,2012
AO,resilience,5,74.19,2012
AO,resilience,6,74.19,2012
AO,resilience,7,74.19,2012
AO,resilience,8,74.19,2012
AO,resilience,9,74.19,2012
AO,score,0,99.94,2012
AO,score,1,99.94,2012
AO,score,2,99.94,2012
AO,score,3,99.94,2012
AO,score,4,99.94,2012
AO,score,5,99.94,2012
AO,score,6,99.94,2012
AO,score,7,99.94,2012
AO,score,8,99.94,2012
AO,score,9,99.94,2012
AO,status,0,99.87,2012
AO,status,1,99.87,2012
AO,status,2,99.87,2012
AO,status,3,99.87,2012
AO,status,4,99.87,2012
AO,status,5,99.87,2012
AO,status,6,99.87,2012
AO,status,7,99.87,2012
AO,status,8,99.87,2012
AO,status,9,99.87,2012
AO,trend,1,-0,2012
AO,trend,2,-0,2012
AO,trend,3,-0,2012
AO,trend,4,-0,2012
AO,trend,5,-0,2012
AO,trend,6,-0,2012
AO,trend,7,-0,2012
AO,trend,8,-0,2012
AO,trend,9,-0,2012
BD,future,0,83.99,2012
BD,future,1,83.99,2012
BD,future,2,83.99,2012
BD,future,3,83.99,2012
BD,future,4,83.99,2012
BD,future,5,83.99,2012
BD,future,6,83.99,2012
BD,future,7,83.99,2012
BD,future,8,83.99,2012
BD,future,9,83.99,2012
BD,pressures,1,,2012
BD,pressures,2,,2012
BD,pressures,3,,2012
BD,pressures,4,,2012
BD,pressures,5,,2012
BD,pressures,6,,2012
BD,pressures,7,,2012
BD,pressures,8,,2012
BD,pressures,9,,2012
BD,resilience,1,,2012
BD,resilience,2,,2012
BD,resilience,3,,2012
BD,resilience,4,,2012
BD,resilience,5,,2012
BD,resilience,6,,2012
BD,resilience,7,,2012
BD,resilience,8,,2012
BD,resilience,9,,2012
BD,score,0,83.77,2012
BD,score,1,83.77,2012
BD,score,2,83.77,2012
BD,score,3,83.77,2012
BD,score,4,83.77,2012
BD,score,5,83.77,2012
BD,score,6,83.77,2012
BD,score,7,83.77,2012
BD,score,8,83.77,2012
BD,score,9,83.77,2012
BD,status,0,83.55,2012
BD,status,1,83.55,2012
BD,status,2,83.55,2012
BD,status,3,83.55,2012
BD,status,4,83.55,2012
BD,status,5,83.55,2012
BD,status,6,83.55,2012
BD,status,7,83.55,2012
BD,status,8,83.55,2012
BD,status,9,83.55,2012
BD,trend,1,-0.19,2012
BD,trend,2,-0.19,2012
BD,trend,3,-0.19,2012
BD,trend,4,-0.19,2012
BD,trend,5,-0.19,2012
BD,trend,6,-0.19,2012
BD,trend,7,-0.19,2012
BD,trend,8,-0.19,2012
BD,trend,9,-0.19,2012
CP,future,0,96.39,2012
CP,future,1,96.39,2012
CP,future,2,96.39,2012
CP,future,3,96.39,2012
CP,future,4,96.39,2012
CP,future,5,96.39,2012
CP,future,6,96.39,2012
CP,future,7,96.39,2012
CP,future,8,96.39,2012
CP,future,9,96.39,2012
CP,pressures,1,24.37,2012
CP,pressures,2,24.37,2012
CP,pressures,3,24.37,2012
CP,pressures,4,24.37,2012
CP,pressures,5,24.37,2012
CP,pressures,6,24.37,2012
CP,pressures,7,24.37,2012
CP,pressures,8,24.37,2012
CP,pressures,9,24.37,2012
CP,resilience,1,73.98,2012
CP,resilience,2,73.98,2012
CP,resilience,3,73.98,2012
CP,resilience,4,73.98,2012
CP,resilience,5,73.98,2012
CP,resilience,6,73.98,2012
CP,resilience,7,73.98,2012
CP,resilience,8,73.98,2012
CP,resilience,9,73.98,2012
CP,score,0,91.33,2012
CP,score,1,91.33,2012
CP,score,2,91.33,2012
CP,score,3,91.33,2012
CP,score,4,91.33,2012
CP,score,5,91.33,2012
CP,score,6,91.33,2012
CP,score,7,91.33,2012
CP,score,8,91.33,2012
CP,score,9,91.33,2012
CP,status,0,86.26,2012
CP,status,1,86.26,2012
CP,status,2,86.26,2012
CP,status,3,86.26,2012
CP,status,4,86.26,2012
CP,status,5,86.26,2012
CP,status,6,86.26,2012
CP,status,7,86.26,2012
CP,status,8,86.26,2012
CP,status,9,86.26,2012
CP,trend,1,-0.07,2012
CP,trend,2,-0.07,2012
CP,trend,3,-0.07,2012
CP,trend,4,-0.07,2012
CP,trend,5,-0.07,2012
CP,trend,6,-0.07,2012
CP,trend,7,-0.07,2012
CP,trend,8,-0.07,2012
CP,trend,9,-0.07,2012
CS,future,0,58.07,2012
CS,future,1,58.07,2012
CS,future,2,58.07,2012
CS,future,3,58.07,2012
CS,future,4,58.07,2012
CS,future,5,58.07,2012
CS,future,6,58.07,2012
CS,future,7,58.07,2012
CS,future,8,58.07,2012
CS,future,9,58.07,2012
CS,pressures,1,25.79,2012
CS,pressures,2,25.79,2012
CS,pressures,3,25.79,2012
CS,pressures,4,25.79,2012
CS,pressures,5,25.79,2012
CS,pressures,6,25.79,2012
CS,pressures,7,25.79,2012
CS,pressures,8,25.79,2012
CS,pressures,9,25.79,2012
CS,resilience,1,50.99,2012
CS,resilience,2,50.99,2012
CS,resilience,3,50.99,2012
CS,resilience,4,50.99,2012
CS,resilience,5,50.99,2012
CS,resilience,6,50.99,2012
CS,resilience,7,50.99,2012
CS,resilience,8,50.99,2012
CS,resilience,9,50.99,2012
CS,score,0,61.9,2012
CS,score,1,61.9,2012
CS,score,2,61.9,2012
CS,score,3,61.9,2012
CS,score,4,61.9,2012
CS,score,5,61.9,2012
CS,score,6,61.9,2012
CS,score,7,61.9,2012
CS,score,8,61.9,2012
CS,score,9,61.9,2012
CS,status,0,65.72,2012
CS,status,1,65.72,2012
CS,status,2,65.72,2012
CS,status,3,65.72,2012
CS,status,4,65.72,2012
CS,status,5,65.72,2012
CS,status,6,65.72,2012
CS,status,7,65.72,2012
CS,status,8,65.72,2012
CS,status,9,65.72,2012
CS,trend,1,-0.3,2012
CS,trend,2,-0.3,2012
CS,trend,3,-0.3,2012
CS,trend,4,-0.3,2012
CS,trend,5,-0.3,2012
CS,trend,6,-0.3,2012
CS,trend,7,-0.3,2012
CS,trend,8,-0.3,2012
CS,trend,9,-0.3,2012
CW,future,0,88.91,2012
CW,future,1,88.91,2012
CW,future,2,88.91,2012
CW,future,3,88.91,2012
CW,future,4,88.91,2012
CW,future,5,88.91,2012
CW,future,6,88.91,2012
CW,future,7,88.91,2012
CW,future,8,88.91,2012
CW,future,9,88.91,2012
CW,pressures,1,51.85,2012
CW,pressures,2,51.85,2012
CW,pressures,3,51.85,2012
CW,pressures,4,51.85,2012
CW,pressures,5,51.85,2012
CW,pressures,6,51.85,2012
CW,pressures,7,51.85,2012
CW,pressures,8,51.85,2012
CW,pressures,9,51.85,2012
CW,resilience,1,40.26,2012
CW,resilience,2,40.26,2012
CW,resilience,3,40.26,2012
CW,resilience,4,40.26,2012
CW,resilience,5,40.26,2012
CW,resilience,6,40.26,2012
CW,resilience,7,40.26,2012
CW,resilience,8,40.26,2012
CW,resilience,9,40.26,2012
CW,score,0,83.11,2012
CW,score,1,83.11,2012
CW,score,2,83.11,2012
CW,score,3,83.11,2012
CW,score,4,83.11,2012
CW,score,5,83.11,2012
CW,score,6,83.11,2012
CW,score,7,83.11,2012
CW,score,8,83.11,2012
CW,score,9,83.11,2012
CW,status,0,77.3,2012
CW,status,1,77.3,2012
CW,status,2,77.3,2012
CW,status,3,77.3,2012
CW,status,4,77.3,2012
CW,status,5,77.3,2012
CW,status,6,77.3,2012
CW,status,7,77.3,2012
CW,status,8,77.3,2012
CW,status,9,77.3,2012
CW,trend,1,0.28,2012
CW,trend,2,0.28,2012
CW,trend,3,0.28,2012
CW,trend,4,0.28,2012
CW,trend,5,0.28,2012
CW,trend,6,0.28,2012
CW,trend,7,0.28,2012
CW,trend,8,0.28,2012
CW,trend,9,0.28,2012
ECO,future,0,84.25,2012
ECO,future,1,,2012
ECO,future,2,,2012
ECO,future,3,,2012
ECO,future,4,,2012
ECO,future,5,100,2012
ECO,future,6,100,2012
ECO,future,7,100,2012
ECO,future,8,21.23,2012
ECO,future,9,100,2012
ECO,pressures,1,20.18,2012
ECO,pressures,2,20.18,2012
ECO,pressures,3,20.18,2012
ECO,pressures,4,20.18,2012
ECO,pressures,5,20.18,2012
ECO,pressures,6,20.18,2012
ECO,pressures,7,20.18,2012
ECO,pressures,8,20.18,2012
ECO,pressures,9,20.18,2012
ECO,resilience,1,80.52,2012
ECO,resilience,2,80.52,2012
ECO,resilience,3,80.52,2012
ECO,resilience,4,80.52,2012
ECO,resilience,5,80.52,2012
ECO,resilience,6,80.52,2012
ECO,resilience,7,80.52,2012
ECO,resilience,8,80.52,2012
ECO,resilience,9,80.52,2012
ECO,score,0,86.11,2012
ECO,score,1,,2012
ECO,score,2,,2012
ECO,score,3,,2012
ECO,score,4,,2012
ECO,score,5,100,2012
ECO,score,6,100,2012
ECO,score,7,100,2012
ECO,score,8,30.57,2012
ECO,score,9,100,2012
ECO,status,0,87.98,2012
ECO,status,1,,2012
ECO,status,2,,2012
ECO,status,3,,2012
ECO,status,4,,2012
ECO,status,5,100,2012
ECO,status,6,100,2012
ECO,status,7,100,2012
ECO,status,8,39.91,2012
ECO,status,9,100,2012
ECO,trend,1,,2012
ECO,trend,2,,2012
ECO,trend,3,,2012
ECO,trend,4,,2012
ECO,trend,5,-0.03,2012
ECO,trend,6,0.55,2012
ECO,trend,7,0.2,2012
ECO,trend,8,-1,2012
ECO,trend,9,1,2012
FIS,future,0,63.79,2012
FIS,future,1,63.79,2012
FIS,future,2,63.79,2012
FIS,future,3,63.79,2012
FIS,future,4,63.79,2012
FIS,future,5,63.79,2012
FIS,future,6,63.79,2012
FIS,future,7,63.79,2012
FIS,future,8,63.79,2012
FIS,future,9,63.79,2012
FIS,pressures,1,25.12,2012
FIS,pressures,2,25.12,2012
FIS,pressures,3,25.12,2012
FIS,pressures,4,25.12,2012
FIS,pressures,5,25.12,2012
FIS,pressures,6,25.12,2012
FIS,pressures,7,25.12,2012
FIS,pressures,8,25.12,2012
FIS,pressures,9,25.12,2012
FIS,resilience,1,75.98,2012
FIS,resilience,2,75.98,2012
FIS,resilience,3,75.98,2012
FIS,resilience,4,75.98,2012
FIS,resilience,5,75.98,2012
FIS,resilience,6,75.98,2012
FIS,resilience,7,75.98,2012
FIS,resilience,8,75.98,2012
FIS,resilience,9,75.98,2012
FIS,score,0,59.79,2012
FIS,score,1,59.79,2012
FIS,score,2,59.79,2012
FIS,score,3,59.79,2012
FIS,score,4,59.79,2012
FIS,score,5,59.79,2012
FIS,score,6,59.79,2012
FIS,score,7,59.79,2012
FIS,score,8,59.79,2012
FIS,score,9,59.79,2012
FIS,status,0,55.8,2012
FIS,status,1,55.8,2012
FIS,status,2,55.8,2012
FIS,status,3,55.8,2012
FIS,status,4,55.8,2012
FIS,status,5,55.8,2012
FIS,status,6,55.8,2012
FIS,status,7,55.8,2012
FIS,status,8,55.8,2012
FIS,status,9,55.8,2012
FIS,trend,1,-0.04,2012
FIS,trend,2,-0.04,2012
FIS,trend,3,-0.04,2012
FIS,trend,4,-0.04,2012
FIS,trend,5,-0.04,2012
FIS,trend,6,-0.04,2012
FIS,trend,7,-0.04,2012
FIS,trend,8,-0.04,2012
FIS,trend,9,-0.04,2012
FP,future,0,64.93,2012
FP,future,1,64.93,2012
FP,future,2,64.93,2012
FP,future,3,64.93,2012
FP,future,4,64.93,2012
FP,future,5,64.93,2012
FP,future,6,64.93,2012
FP,future,7,64.93,2012
FP,future,8,64.93,2012
FP,future,9,64.93,2012
FP,pressures,1,,2012
FP,pressures,2,,2012
FP,pressures,3,,2012
FP,pressures,4,,2012
FP,pressures,5,,2012
FP,pressures,6,,2012
FP,pressures,7,,2012
FP,pressures,8,,2012
FP,pressures,9,,2012
FP,resilience,1,,2012
FP,resilience,2,,2012
FP,resilience,3,,2012
FP,resilience,4,,2012
FP,resilience,5,,2012
FP,resilience,6,,2012
FP,resilience,7,,2012
FP,resilience,8,,2012
FP,resilience,9,,2012
FP,score,0,60.92,2012
FP,score,1,60.92,2012
FP,score,2,60.92,2012
FP,score,3,60.92,2012
FP,score,4,60.92,2012
FP,score,5,60.92,2012
FP,score,6,60.92,2012
FP,score,7,60.92,2012
FP,score,8,60.92,2012
FP,score,9,60.92,2012
FP,status,0,56.91,2012
FP,status,1,56.91,2012
FP,status,2,56.91,2012
FP,status,3,56.91,2012
FP,status,4,56.91,2012
FP,status,5,56.91,2012
FP,status,6,56.91,2012
FP,status,7,56.91,2012
FP,status,8,56.91,2012
FP,status,9,56.91,2012
FP,trend,1,-0.04,2012
FP,trend,2,-0.04,2012
FP,trend,3,-0.04,2012
FP,trend,4,-0.04,2012
FP,trend,5,-0.04,2012
FP,trend,6,-0.04,2012
FP,trend,7,-0.04,2012
FP,trend,8,-0.04,2012
FP,trend,9,-0.04,2012
HAB,future,0,76.12,2012
HAB,future,1,76.12,2012
HAB,future,2,76.12,2012
HAB,future,3,76.12,2012
HAB,future,4,76.12,2012
HAB,future,5,76.12,2012
HAB,future,6,76.12,2012
HAB,future,7,76.12,2012
HAB,future,8,76.12,2012
HAB,future,9,76.12,2012
HAB,pressures,1,25.33,2012
HAB,pressures,2,25.33,2012
HAB,pressures,3,25.33,2012
HAB,pressures,4,25.33,2012
HAB,pressures,5,25.33,2012
HAB,pressures,6,25.33,2012
HAB,pressures,7,25.33,2012
HAB,pressures,8,25.33,2012
HAB,pressures,9,25.33,2012
HAB,resilience,1,72.25,2012
HAB,resilience,2,72.25,2012
HAB,resilience,3,72.25,2012
HAB,resilience,4,72.25,2012
HAB,resilience,5,72.25,2012
HAB,resilience,6,72.25,2012
HAB,resilience,7,72.25,2012
HAB,resilience,8,72.25,2012
HAB,resilience,9,72.25,2012
HAB,score,0,76.33,2012
HAB,score,1,76.33,2012
HAB,score,2,76.33,2012
HAB,score,3,76.33,2012
HAB,score,4,76.33,2012
HAB,score,5,76.33,2012
HAB,score,6,76.33,2012
HAB,score,7,76.33,2012
HAB,score,8,76.33,2012
HAB,score,9,76.33,2012
HAB,status,0,76.53,2012
HAB,status,1,76.53,2012
HAB,status,2,76.53,2012
HAB,status,3,76.53,2012
HAB,status,4,76.53,2012
HAB,status,5,76.53,2012
HAB,status,6,76.53,2012
HAB,status,7,76.53,2012
HAB,status,8,76.53,2012
HAB,status,9,76.53,2012
HAB,trend,1,-0.24,2012
HAB,trend,2,-0.24,2012
HAB,trend,3,-0.24,2012
HAB,trend,4,-0.24,2012
HAB,trend,5,-0.24,2012
HAB,trend,6,-0.24,2012
HAB,trend,7,-0.24,2012
HAB,trend,8,-0.24,2012
HAB,trend,9,-0.24,2012
ICO,future,0,75.3,2012
ICO,future,1,75.3,2012
ICO,future,2,75.3,2012
ICO,future,3,75.3,2012
ICO,future,4,75.3,2012
ICO,future,5,75.3,2012
ICO,future,6,75.3,2012
ICO,future,7,75.3,2012
ICO,future,8,75.3,2012
ICO,future,9,75.3,2012
ICO,pressures,1,30.02,2012
ICO,pressures,2,30.02,2012
ICO,pressures,3,30.02,2012
ICO,pressures,4,30.02,2012
ICO,pressures,5,30.02,2012
ICO,pressures,6,30.02,2012
ICO,pressures,7,30.02,2012
ICO,pressures,8,30.02,2012
ICO,pressures,9,30.02,2012
ICO,resilience,1,73.95,2012
ICO,resilience,2,73.95,2012
ICO,resilience,3,73.95,2012
ICO,resilience,4,73.95,2012
ICO,resilience,5,73.95,2012
ICO,resilience,6,73.95,2012
ICO,resilience,7,73.95,2012
ICO,resilience,8,73.95,2012
ICO,resilience,9,73.95,2012
ICO,score,0,69.85,2012
ICO,score,1,69.85,2012
ICO,score,2,69.85,2012
ICO,score,3,69.85,2012
ICO,score,4,69.85,2012
ICO,score,5,69.85,2012
ICO,score,6,69.85,2012
ICO,score,7,69.85,2012
ICO,score,8,69.85,2012
ICO,score,9,69.85,2012
ICO,status,0,64.39,2012
ICO,status,1,64.39,2012
ICO,status,2,64.39,2012
ICO,status,3,64.39,2012
ICO,status,4,64.39,2012
ICO,status,5,64.39,2012
ICO,status,6,64.39,2012
ICO,status,7,64.39,2012
ICO,status,8,64.39,2012
ICO,status,9,64.39,2012
ICO,trend,1,0.04,2012
ICO,trend,2,0.04,2012
ICO,trend,3,0.04,2012
ICO,trend,4,0.04,2012
ICO,trend,5,0.04,2012
ICO,trend,6,0.04,2012
ICO,trend,7,0.04,2012
ICO,trend,8,0.04,2012
ICO,trend,9,0.04,2012
Index,future,0,77.01,2012
Index,future,1,75.03,2012
Index,future,2,75.03,2012
Index,future,3,75.03,2012
Index,future,4,75.03,2012
Index,future,5,80.02,2012
Index,future,6,80.02,2012
Index,future,7,80.02,2012
Index,future,8,72.93,2012
Index,future,9,80.02,2012
Index,score,0,75.12,2012
Index,score,1,72.87,2012
Index,score,2,72.87,2012
Index,score,3,72.87,2012
Index,score,4,72.87,2012
Index,score,5,78.12,2012
Index,score,6,78.12,2012
Index,score,7,78.28,2012
Index,score,8,71.92,2012
Index,score,9,78.15,2012
LE,future,0,85.81,2012
LE,future,1,NaN,2012
LE,future,2,NaN,2012
LE,future,3,NaN,2012
LE,future,4,NaN,2012
LE,future,5,100,2012
LE,future,6,100,2012
LE,future,7,100,2012
LE,future,8,29.04,2012
LE,future,9,100,2012
LE,pressures,1,,2012
LE,pressures,2,,2012
LE,pressures,3,,2012
LE,pressures,4,,2012
LE,pressures,5,,2012
LE,pressures,6,,2012
LE,pressures,7,,2012
LE,pressures,8,,2012
LE,pressures,9,,2012
LE,resilience,1,,2012
LE,resilience,2,,2012
LE,resilience,3,,2012
LE,resilience,4,,2012
LE,resilience,5,,2012
LE,resilience,6,,2012
LE,resilience,7,,2012
LE,resilience,8,,2012
LE,resilience,9,,2012
LE,score,0,86.23,2012
LE,score,1,NaN,2012
LE,score,2,NaN,2012
LE,score,3,NaN,2012
LE,score,4,NaN,2012
LE,score,5,98.27,2012
LE,score,6,98.24,2012
LE,score,7,99.88,2012
LE,score,8,36.24,2012
LE,score,9,98.52,2012
LE,status,0,86.65,2012
LE,status,1,NaN,2012
LE,status,2,NaN,2012
LE,status,3,NaN,2012
LE,status,4,NaN,2012
LE,status,5,96.54,2012
LE,status,6,96.47,2012
LE,status,7,99.77,2012
LE,status,8,43.44,2012
LE,status,9,97.03,2012
LE,trend,1,NaN,2012
LE,trend,2,NaN,2012
LE,trend,3,NaN,2012
LE,trend,4,NaN,2012
LE,trend,5,-0.02,2012
LE,trend,6,0.26,2012
LE,trend,7,0.15,2012
LE,trend,8,-0.81,2012
LE,trend,9,0.61,2012
LIV,future,0,87.37,2012
LIV,future,1,,2012
LIV,future,2,,2012
LIV,future,3,,2012
LIV,future,4,,2012
LIV,future,5,100,2012
LIV,future,6,100,2012
LIV,future,7,100,2012
LIV,future,8,36.85,2012
LIV,future,9,100,2012
LIV,pressures,1,20.63,2012
LIV,pressures,2,20.63,2012
LIV,pressures,3,20.63,2012
LIV,pressures,4,20.63,2012
LIV,pressures,5,20.63,2012
LIV,pressures,6,20.63,2012
LIV,pressures,7,20.63,2012
LIV,pressures,8,20.63,2012
LIV,pressures,9,20.63,2012
LIV,resilience,1,80.52,2012
LIV,resilience,2,80.52,2012
LIV,resilience,3,80.52,2012
LIV,resilience,4,80.52,2012
LIV,resilience,5,80.52,2012
LIV,resilience,6,80.52,2012
LIV,resilience,7,80.52,2012
LIV,resilience,8,80.52,2012
LIV,resilience,9,80.52,2012
LIV,score,0,86.34,2012
LIV,score,1,,2012
LIV,score,2,,2012
LIV,score,3,,2012
LIV,score,4,,2012
LIV,score,5,96.54,2012
LIV,score,6,96.47,2012
LIV,score,7,99.77,2012
LIV,score,8,41.9,2012
LIV,score,9,97.03,2012
LIV,status,0,85.32,2012
LIV,status,1,,2012
LIV,status,2,,2012
LIV,status,3,,2012
LIV,status,4,,2012
LIV,status,5,93.09,2012
LIV,status,6,92.94,2012
LIV,status,7,99.54,2012
LIV,status,8,46.96,2012
LIV,status,9,94.07,2012
LIV,trend,1,,2012
LIV,trend,2,,2012
LIV,trend,3,,2012
LIV,trend,4,,2012
LIV,trend,5,-0,2012
LIV,trend,6,-0.04,2012
LIV,trend,7,0.11,2012
LIV,trend,8,-0.62,2012
LIV,trend,9,0.21,2012
LSP,future,0,79.65,2012
LSP,future,1,79.65,2012
LSP,future,2,79.65,2012
LSP,future,3,79.65,2012
LSP,future,4,79.65,2012
LSP,future,5,79.65,2012
LSP,future,6,79.65,2012
LSP,future,7,79.65,2012
LSP,future,8,79.65,2012
LSP,future,9,79.65,2012
LSP,pressures,1,34.41,2012
LSP,pressures,2,34.41,2012
LSP,pressures,3,34.41,2012
LSP,pressures,4,34.41,2012
LSP,pressures,5,34.41,2012
LSP,pressures,6,34.41,2012
LSP,pressures,7,34.41,2012
LSP,pressures,8,34.41,2012
LSP,pressures,9,34.41,2012
LSP,resilience,1,49.35,2012
LSP,resilience,2,49.35,2012
LSP,resilience,3,49.35,2012
LSP,resilience,4,49.35,2012
LSP,resilience,5,49.35,2012
LSP,resilience,6,49.35,2012
LSP,resilience,7,49.35,2012
LSP,resilience,8,49.35,2012
LSP,resilience,9,49.35,2012
LSP,score,0,76.37,2012
LSP,score,1,76.37,2012
LSP,score,2,76.37,2012
LSP,score,3,76.37,2012
LSP,score,4,76.37,2012
LSP,score,5,76.37,2012
LSP,score,6,76.37,2012
LSP,score,7,76.37,2012
LSP,score,8,76.37,2012
LSP,score,9,76.37,2012
LSP,status,0,73.09,2012
LSP,status,1,73.09,2012
LSP,status,2,73.09,2012
LSP,status,3,73.09,2012
LSP,status,4,73.09,2012
LSP,status,5,73.09,2012
LSP,status,6,73.09,2012
LSP,status,7,73.09,2012
LSP,status,8,73.09,2012
LSP,status,9,73.09,2012
LSP,trend,1,0.06,2012
LSP,trend,2,0.06,2012
LSP,trend,3,0.06,2012
LSP,trend,4,0.06,2012
LSP,trend,5,0.06,2012
LSP,trend,6,0.06,2012
LSP,trend,7,0.06,2012
LSP,trend,8,0.06,2012
LSP,trend,9,0.06,2012
MAR,future,0,100,2012
MAR,future,1,100,2012
MAR,future,2,100,2012
MAR,future,3,100,2012
MAR,future,4,100,2012
MAR,future,5,100,2012
MAR,future,6,100,2012
MAR,future,7,100,2012
MAR,future,8,100,2012
MAR,future,9,100,2012
MAR,pressures,1,19.65,2012
MAR,pressures,2,19.65,2012
MAR,pressures,3,19.65,2012
MAR,pressures,4,19.65,2012
MAR,pressures,5,19.65,2012
MAR,pressures,6,19.65,2012
MAR,pressures,7,19.65,2012
MAR,pressures,8,19.65,2012
MAR,pressures,9,19.65,2012
MAR,resilience,1,54.36,2012
MAR,resilience,2,54.36,2012
MAR,resilience,3,54.36,2012
MAR,resilience,4,54.36,2012
MAR,resilience,5,54.36,2012
MAR,resilience,6,54.36,2012
MAR,resilience,7,54.36,2012
MAR,resilience,8,54.36,2012
MAR,resilience,9,54.36,2012
MAR,score,0,95.45,2012
MAR,score,1,95.45,2012
MAR,score,2,95.45,2012
MAR,score,3,95.45,2012
MAR,score,4,95.45,2012
MAR,score,5,95.45,2012
MAR,score,6,95.45,2012
MAR,score,7,95.45,2012
MAR,score,8,95.45,2012
MAR,score,9,95.45,2012
MAR,status,0,90.89,2012
MAR,status,1,90.89,2012
MAR,status,2,90.89,2012
MAR,status,3,90.89,2012
MAR,status,4,90.89,2012
MAR,status,5,90.89,2012
MAR,status,6,90.89,2012
MAR,status,7,90.89,2012
MAR,status,8,90.89,2012
MAR,status,9,90.89,2012
MAR,trend,1,-0.01,2012
MAR,trend,2,-0.01,2012
MAR,trend,3,-0.01,2012
MAR,trend,4,-0.01,2012
MAR,trend,5,-0.01,2012
MAR,trend,6,-0.01,2012
MAR,trend,7,-0.01,2012
MAR,trend,8,-0.01,2012
MAR,trend,9,-0.01,2012
NP,future,0,30.45,2012
NP,future,1,30.45,2012
NP,future,2,30.45,2012
NP,future,3,30.45,2012
NP,future,4,30.45,2012
NP,future,5,30.45,2012
NP,future,6,30.45,2012
NP,future,7,30.45,2012
NP,future,8,30.45,2012
NP,future,9,30.45,2012
NP,pressures,1,17.09,2012
NP,pressures,2,17.09,2012
NP,pressures,3,17.09,2012
NP,pressures,4,17.09,2012
NP,pressures,5,17.09,2012
NP,pressures,6,17.09,2012
NP,pressures,7,17.09,2012
NP,pressures,8,17.09,2012
NP,pressures,9,17.09,2012
NP,resilience,1,73.34,2012
NP,resilience,2,73.34,2012
NP,resilience,3,73.34,2012
NP,resilience,4,73.34,2012
NP,resilience,5,73.34,2012
NP,resilience,6,73.34,2012
NP,resilience,7,73.34,2012
NP,resilience,8,73.34,2012
NP,resilience,9,73.34,2012
NP,score,0,28.88,2012
NP,score,1,28.88,2012
NP,score,2,28.88,2012
NP,score,3,28.88,2012
NP,score,4,28.88,2012
NP,score,5,28.88,2012
NP,score,6,28.88,2012
NP,score,7,28.88,2012
NP,score,8,28.88,2012
NP,score,9,28.88,2012
NP,status,0,27.31,2012
NP,status,1,27.31,2012
NP,status,2,27.31,2012
NP,status,3,27.31,2012
NP,status,4,27.31,2012
NP,status,5,27.31,2012
NP,status,6,27.31,2012
NP,status,7,27.31,2012
NP,status,8,27.31,2012
NP,status,9,27.31,2012
NP,trend,1,-0.11,2012
NP,trend,2,-0.11,2012
NP,trend,3,-0.11,2012
NP,trend,4,-0.11,2012
NP,trend,5,-0.11,2012
NP,trend,6,-0.11,2012
NP,trend,7,-0.11,2012
NP,trend,8,-0.11,2012
NP,trend,9,-0.11,2012
SP,future,0,77.48,2012
SP,future,1,77.48,2012
SP,future,2,77.48,2012
SP,future,3,77.48,2012
SP,future,4,77.48,2012
SP,future,5,77.48,2012
SP,future,6,77.48,2012
SP,future,7,77.48,2012
SP,future,8,77.48,2012
SP,future,9,77.48,2012
SP,pressures,1,,2012
SP,pressures,2,,2012
SP,pressures,3,,2012
SP,pressures,4,,2012
SP,pressures,5,,2012
SP,pressures,6,,2012
SP,pressures,7,,2012
SP,pressures,8,,2012
SP,pressures,9,,2012
SP,resilience,1,,2012
SP,resilience,2,,2012
SP,resilience,3,,2012
SP,resilience,4,,2012
SP,resilience,5,,2012
SP,resilience,6,,2012
SP,resilience,7,,2012
SP,resilience,8,,2012
SP,resilience,9,,2012
SP,score,0,73.11,2012
SP,score,1,73.11,2012
SP,score,2,73.11,2012
SP,score,3,73.11,2012
SP,score,4,73.11,2012
SP,score,5,73.11,2012
SP,score,6,73.11,2012
SP,score,7,73.11,2012
SP,score,8,73.11,2012
SP,score,9,73.11,2012
SP,status,0,68.74,2012
SP,status,1,68.74,2012
SP,status,2,68.74,2012
SP,status,3,68.74,2012
SP,status,4,68.74,2012
SP,status,5,68.74,2012
SP,status,6,68.74,2012
SP,status,7,68.74,2012
SP,status,8,68.74,2012
SP,status,9,68.74,2012
SP,trend,1,0.05,2012
SP,trend,2,0.05,2012
SP,trend,3,0.05,2012
SP,trend,4,0.05,2012
SP,trend,5,0.05,2012
SP,trend,6,0.05,2012
SP,trend,7,0.05,2012
SP,trend,8,0.05,2012
SP,trend,9,0.05,2012
SPP,future,0,91.86,2012
SPP,future,1,91.86,2012
SPP,future,2,91.86,2012
SPP,future,3,91.86,2012
SPP,future,4,91.86,2012
SPP,future,5,91.86,2012
SPP,future,6,91.86,2012
SPP,future,7,91.86,2012
SPP,future,8,91.86,2012
SPP,future,9,91.86,2012
SPP,pressures,1,28.19,2012
SPP,pressures,2,28.19,2012
SPP,pressures,3,28.19,2012
SPP,pressures,4,28.19,2012
SPP,pressures,5,28.19,2012
SPP,pressures,6,28.19,2012
SPP,pressures,7,28.19,2012
SPP,pressures,8,28.19,2012
SPP,pressures,9,28.19,2012
SPP,resilience,1,60.56,2012
SPP,resilience,2,60.56,2012
SPP,resilience,3,60.56,2012
SPP,resilience,4,60.56,2012
SPP,resilience,5,60.56,2012
SPP,resilience,6,60.56,2012
SPP,resilience,7,60.56,2012
SPP,resilience,8,60.56,2012
SPP,resilience,9,60.56,2012
SPP,score,0,91.22,2012
SPP,score,1,91.22,2012
SPP,score,2,91.22,2012
SPP,score,3,91.22,2012
SPP,score,4,91.22,2012
SPP,score,5,91.22,2012
SPP,score,6,91.22,2012
SPP,score,7,91.22,2012
SPP,score,8,91.22,2012
SPP,score,9,91.22,2012
SPP,status,0,90.58,2012
SPP,status,1,90.58,2012
SPP,status,2,90.58,2012
SPP,status,3,90.58,2012
SPP,status,4,90.58,2012
SPP,status,5,90.58,2012
SPP,status,6,90.58,2012
SPP,status,7,90.58,2012
SPP,status,8,90.58,2012
SPP,status,9,90.58,2012
SPP,trend,1,-0.14,2012
SPP,trend,2,-0.14,2012
SPP,trend,3,-0.14,2012
SPP,trend,4,-0.14,2012
SPP,trend,5,-0.14,2012
SPP,trend,6,-0.14,2012
SPP,trend,7,-0.14,2012
SPP,trend,8,-0.14,2012
SPP,trend,9,-0.14,2012
TR,future,0,100,2012
TR,future,1,,2012
TR,future,2,,2012
TR,future,3,,2012
TR,future,4,,2012
TR,future,5,100,2012
TR,future,6,100,2012
TR,future,7,100,2012
TR,future,8,100,2012
TR,future,9,100,2012
TR,pressures,1,35.95,2012
TR,pressures,2,35.95,2012
TR,pressures,3,35.95,2012
TR,pressures,4,35.95,2012
TR,pressures,5,35.95,2012
TR,pressures,6,35.95,2012
TR,pressures,7,35.95,2012
TR,pressures,8,35.95,2012
TR,pressures,9,35.95,2012
TR,resilience,1,40.26,2012
TR,resilience,2,40.26,2012
TR,resilience,3,40.26,2012
TR,resilience,4,40.26,2012
TR,resilience,5,40.26,2012
TR,resilience,6,40.26,2012
TR,resilience,7,40.26,2012
TR,resilience,8,40.26,2012
TR,resilience,9,40.26,2012
TR,score,0,100,2012
TR,score,1,,2012
TR,score,2,,2012
TR,score,3,,2012
TR,score,4,,2012
TR,score,5,100,2012
TR,score,6,100,2012
TR,score,7,100,2012
TR,score,8,100,2012
TR,score,9,100,2012
TR,status,0,100,2012
TR,status,1,,2012
TR,status,2,,2012
TR,status,3,,2012
TR,status,4,,2012
TR,status,5,100,2012
TR,status,6,100,2012
TR,status,7,100,2012
TR,status,8,100,2012
TR,status,9,100,2012
TR,trend,1,,2012
TR,trend,2,,2012
TR,trend,3,,2012
TR,trend,4,,2012
TR,trend,5,0,2012
TR,trend,6,0.05,2012
TR,trend,7,0,2012
TR,trend,8,0,2012
TR,trend,9,0.24,2012
AO,future,0,100,2013
AO,future,1,100,2013
AO,future,2,100,2013
AO,future,3,100,2013
AO,future,4,100,2013
AO,future,5,100,2013
AO,future,6,100,2013
AO,future,7,100,2013
AO,future,8,100,2013
AO,future,9,100,2013
AO,pressures,1,19.55,2013
AO,pressures,2,19.55,2013
AO,pressures,3,19.55,2013
AO,pressures,4,19.55,2013
AO,pressures,5,19.55,2013
AO,pressures,6,19.55,2013
AO,pressures,7,19.55,2013
AO,pressures,8,19.55,2013
AO,pressures,9,19.55,2013
AO,resilience,1,74.28,2013
AO,resilience,2,74.28,2013
AO,resilience,3,74.28,2013
AO,resilience,4,74.28,2013
AO,resilience,5,74.28,2013
AO,resilience,6,74.28,2013
AO,resilience,7,74.28,2013
AO,resilience,8,74.28,2013
AO,resilience,9,74.28,2013
AO,score,0,100,2013
AO,score,1,100,2013
AO,score,2,100,2013
AO,score,3,100,2013
AO,score,4,100,2013
AO,score,5,100,2013
AO,score,6,100,2013
AO,score,7,100,2013
AO,score,8,100,2013
AO,score,9,100,2013
AO,status,0,100,2013
AO,status,1,100,2013
AO,status,2,100,2013
AO,status,3,100,2013
AO,status,4,100,2013
AO,status,5,100,2013
AO,status,6,100,2013
AO,status,7,100,2013
AO,status,8,100,2013
AO,status,9,100,2013
AO,trend,1,0,2013
AO,trend,2,0,2013
AO,trend,3,0,2013
AO,trend,4,0,2013
AO,trend,5,0,2013
AO,trend,6,0,2013
AO,trend,7,0,2013
AO,trend,8,0,2013
AO,trend,9,0,2013
BD,future,0,85.17,2013
BD,future,1,85.17,2013
BD,future,2,85.17,2013
BD,future,3,85.17,2013
BD,future,4,85.17,2013
BD,future,5,85.17,2013
BD,future,6,85.17,2013
BD,future,7,85.17,2013
BD,future,8,85.17,2013
BD,future,9,85.17,2013
BD,pressures,1,,2013
BD,pressures,2,,2013
BD,pressures,3,,2013
BD,pressures,4,,2013
BD,pressures,5,,2013
BD,pressures,6,,2013
BD,pressures,7,,2013
BD,pressures,8,,2013
BD,pressures,9,,2013
BD,resilience,1,,2013
BD,resilience,2,,2013
BD,resilience,3,,2013
BD,resilience,4,,2013
BD,resilience,5,,2013
BD,resilience,6,,2013
BD,resilience,7,,2013
BD,resilience,8,,2013
BD,resilience,9,,2013
BD,score,0,84.34,2013
BD,score,1,84.34,2013
BD,score,2,84.34,2013
BD,score,3,84.34,2013
BD,score,4,84.34,2013
BD,score,5,84.34,2013
BD,score,6,84.34,2013
BD,score,7,84.34,2013
BD,score,8,84.34,2013
BD,score,9,84.34,2013
BD,status,0,83.51,2013
BD,status,1,83.51,2013
BD,status,2,83.51,2013
BD,status,3,83.51,2013
BD,status,4,83.51,2013
BD,status,5,83.51,2013
BD,status,6,83.51,2013
BD,status,7,83.51,2013
BD,status,8,83.51,2013
BD,status,9,83.51,2013
BD,trend,1,-0.17,2013
BD,trend,2,-0.17,2013
BD,trend,3,-0.17,2013
BD,trend,4,-0.17,2013
BD,trend,5,-0.17,2013
BD,trend,6,-0.17,2013
BD,trend,7,-0.17,2013
BD,trend,8,-0.17,2013
BD,trend,9,-0.17,2013
CP,future,0,98.9,2013
CP,future,1,98.9,2013
CP,future,2,98.9,2013
CP,future,3,98.9,2013
CP,future,4,98.9,2013
CP,future,5,98.9,2013
CP,future,6,98.9,2013
CP,future,7,98.9,2013
CP,future,8,98.9,2013
CP,future,9,98.9,2013
CP,pressures,1,23.88,2013
CP,pressures,2,23.88,2013
CP,pressures,3,23.88,2013
CP,pressures,4,23.88,2013
CP,pressures,5,23.88,2013
CP,pressures,6,23.88,2013
CP,pressures,7,23.88,2013
CP,pressures,8,23.88,2013
CP,pressures,9,23.88,2013
CP,resilience,1,74.14,2013
CP,resilience,2,74.14,2013
CP,resilience,3,74.14,2013
CP,resilience,4,74.14,2013
CP,resilience,5,74.14,2013
CP,resilience,6,74.14,2013
CP,resilience,7,74.14,2013
CP,resilience,8,74.14,2013
CP,resilience,9,74.14,2013
CP,score,0,93.59,2013
CP,score,1,93.59,2013
CP,score,2,93.59,2013
CP,score,3,93.59,2013
CP,score,4,93.59,2013
CP,score,5,93.59,2013
CP,score,6,93.59,2013
CP,score,7,93.59,2013
CP,score,8,93.59,2013
CP,score,9,93.59,2013
CP,status,0,88.27,2013
CP,status,1,88.27,2013
CP,status,2,88.27,2013
CP,status,3,88.27,2013
CP,status,4,88.27,2013
CP,status,5,88.27,2013
CP,status,6,88.27,2013
CP,status,7,88.27,2013
CP,status,8,88.27,2013
CP,status,9,88.27,2013
CP,trend,1,-0.07,2013
CP,trend,2,-0.07,2013
CP,trend,3,-0.07,2013
CP,trend,4,-0.07,2013
CP,trend,5,-0.07,2013
CP,trend,6,-0.07,2013
CP,trend,7,-0.07,2013
CP,trend,8,-0.07,2013
CP,trend,9,-0.07,2013
CS,future,0,58.01,2013
CS,future,1,58.01,2013
CS,future,2,58.01,2013
CS,future,3,58.01,2013
CS,future,4,58.01,2013
CS,future,5,58.01,2013
CS,future,6,58.01,2013
CS,future,7,58.01,2013
CS,future,8,58.01,2013
CS,future,9,58.01,2013
CS,pressures,1,26.15,2013
CS,pressures,2,26.15,2013
CS,pressures,3,26.15,2013
CS,pressures,4,26.15,2013
CS,pressures,5,26.15,2013
CS,pressures,6,26.15,2013
CS,pressures,7,26.15,2013
CS,pressures,8,26.15,2013
CS,pressures,9,26.15,2013
CS,resilience,1,51.09,2013
CS,resilience,2,51.09,2013
CS,resilience,3,51.09,2013
CS,resilience,4,51.09,2013
CS,resilience,5,51.09,2013
CS,resilience,6,51.09,2013
CS,resilience,7,51.09,2013
CS,resilience,8,51.09,2013
CS,resilience,9,51.09,2013
CS,score,0,61.87,2013
CS,score,1,61.87,2013
CS,score,2,61.87,2013
CS,score,3,61.87,2013
CS,score,4,61.87,2013
CS,score,5,61.87,2013
CS,score,6,61.87,2013
CS,score,7,61.87,2013
CS,score,8,61.87,2013
CS,score,9,61.87,2013
CS,status,0,65.72,2013
CS,status,1,65.72,2013
CS,status,2,65.72,2013
CS,status,3,65.72,2013
CS,status,4,65.72,2013
CS,status,5,65.72,2013
CS,status,6,65.72,2013
CS,status,7,65.72,2013
CS,status,8,65.72,2013
CS,status,9,65.72,2013
CS,trend,1,-0.3,2013
CS,trend,2,-0.3,2013
CS,trend,3,-0.3,2013
CS,trend,4,-0.3,2013
CS,trend,5,-0.3,2013
CS,trend,6,-0.3,2013
CS,trend,7,-0.3,2013
CS,trend,8,-0.3,2013
CS,trend,9,-0.3,2013
CW,future,0,86.4,2013
CW,future,1,86.4,2013
CW,future,2,86.4,2013
CW,future,3,86.4,2013
CW,future,4,86.4,2013
CW,future,5,86.4,2013
CW,future,6,86.4,2013
CW,future,7,86.4,2013
CW,future,8,86.4,2013
CW,future,9,86.4,2013
CW,pressures,1,52.21,2013
CW,pressures,2,52.21,2013
CW,pressures,3,52.21,2013
CW,pressures,4,52.21,2013
CW,pressures,5,52.21,2013
CW,pressures,6,52.21,2013
CW,pressures,7,52.21,2013
CW,pressures,8,52.21,2013
CW,pressures,9,52.21,2013
CW,resilience,1,40.35,2013
CW,resilience,2,40.35,2013
CW,resilience,3,40.35,2013
CW,resilience,4,40.35,2013
CW,resilience,5,40.35,2013
CW,resilience,6,40.35,2013
CW,resilience,7,40.35,2013
CW,resilience,8,40.35,2013
CW,resilience,9,40.35,2013
CW,score,0,81.75,2013
CW,score,1,81.75,2013
CW,score,2,81.75,2013
CW,score,3,81.75,2013
CW,score,4,81.75,2013
CW,score,5,81.75,2013
CW,score,6,81.75,2013
CW,score,7,81.75,2013
CW,score,8,81.75,2013
CW,score,9,81.75,2013
CW,status,0,77.09,2013
CW,status,1,77.09,2013
CW,status,2,77.09,2013
CW,status,3,77.09,2013
CW,status,4,77.09,2013
CW,status,5,77.09,2013
CW,status,6,77.09,2013
CW,status,7,77.09,2013
CW,status,8,77.09,2013
CW,status,9,77.09,2013
CW,trend,1,0.24,2013
CW,trend,2,0.24,2013
CW,trend,3,0.24,2013
CW,trend,4,0.24,2013
CW,trend,5,0.24,2013
CW,trend,6,0.24,2013
CW,trend,7,0.24,2013
CW,trend,8,0.24,2013
CW,trend,9,0.24,2013
ECO,future,0,90.94,2013
ECO,future,1,,2013
ECO,future,2,,2013
ECO,future,3,,2013
ECO,future,4,,2013
ECO,future,5,98.6,2013
ECO,future,6,100,2013
ECO,future,7,100,2013
ECO,future,8,56.09,2013
ECO,future,9,100,2013
ECO,pressures,1,20.49,2013
ECO,pressures,2,20.49,2013
ECO,pressures,3,20.49,2013
ECO,pressures,4,20.49,2013
ECO,pressures,5,20.49,2013
ECO,pressures,6,20.49,2013
ECO,pressures,7,20.49,2013
ECO,pressures,8,20.49,2013
ECO,pressures,9,20.49,2013
ECO,resilience,1,80.71,2013
ECO,resilience,2,80.71,2013
ECO,resilience,3,80.71,2013
ECO,resilience,4,80.71,2013
ECO,resilience,5,80.71,2013
ECO,resilience,6,80.71,2013
ECO,resilience,7,80.71,2013
ECO,resilience,8,80.71,2013
ECO,resilience,9,80.71,2013
ECO,score,0,90.5,2013
ECO,score,1,,2013
ECO,score,2,,2013
ECO,score,3,,2013
ECO,score,4,,2013
ECO,score,5,93.36,2013
ECO,score,6,97.53,2013
ECO,score,7,100,2013
ECO,score,8,61.62,2013
ECO,score,9,100,2013
ECO,status,0,90.06,2013
ECO,status,1,,2013
ECO,status,2,,2013
ECO,status,3,,2013
ECO,status,4,,2013
ECO,status,5,88.11,2013
ECO,status,6,95.05,2013
ECO,status,7,100,2013
ECO,status,8,67.15,2013
ECO,status,9,100,2013
ECO,trend,1,,2013
ECO,trend,2,,2013
ECO,trend,3,,2013
ECO,trend,4,,2013
ECO,trend,5,-0.12,2013
ECO,trend,6,0.52,2013
ECO,trend,7,0.24,2013
ECO,trend,8,-0.54,2013
ECO,trend,9,1,2013
FIS,future,0,62.7,2013
FIS,future,1,62.7,2013
FIS,future,2,62.7,2013
FIS,future,3,62.7,2013
FIS,future,4,62.7,2013
FIS,future,5,62.7,2013
FIS,future,6,62.7,2013
FIS,future,7,62.7,2013
FIS,future,8,62.7,2013
FIS,future,9,62.7,2013
FIS,pressures,1,25.04,2013
FIS,pressures,2,25.04,2013
FIS,pressures,3,25.04,2013
FIS,pressures,4,25.04,2013
FIS,pressures,5,25.04,2013
FIS,pressures,6,25.04,2013
FIS,pressures,7,25.04,2013
FIS,pressures,8,25.04,2013
FIS,pressures,9,25.04,2013
FIS,resilience,1,76.07,2013
FIS,resilience,2,76.07,2013
FIS,resilience,3,76.07,2013
FIS,resilience,4,76.07,2013
FIS,resilience,5,76.07,2013
FIS,resilience,6,76.07,2013
FIS,resilience,7,76.07,2013
FIS,resilience,8,76.07,2013
FIS,resilience,9,76.07,2013
FIS,score,0,59,2013
FIS,score,1,59,2013
FIS,score,2,59,2013
FIS,score,3,59,2013
FIS,score,4,59,2013
FIS,score,5,59,2013
FIS,score,6,59,2013
FIS,score,7,59,2013
FIS,score,8,59,2013
FIS,score,9,59,2013
FIS,status,0,55.3,2013
FIS,status,1,55.3,2013
FIS,status,2,55.3,2013
FIS,status,3,55.3,2013
FIS,status,4,55.3,2013
FIS,status,5,55.3,2013
FIS,status,6,55.3,2013
FIS,status,7,55.3,2013
FIS,status,8,55.3,2013
FIS,status,9,55.3,2013
FIS,trend,1,-0.05,2013
FIS,trend,2,-0.05,2013
FIS,trend,3,-0.05,2013
FIS,trend,4,-0.05,2013
FIS,trend,5,-0.05,2013
FIS,trend,6,-0.05,2013
FIS,trend,7,-0.05,2013
FIS,trend,8,-0.05,2013
FIS,trend,9,-0.05,2013
FP,future,0,63.61,2013
FP,future,1,63.61,2013
FP,future,2,63.61,2013
FP,future,3,63.61,2013
FP,future,4,63.61,2013
FP,future,5,63.61,2013
FP,future,6,63.61,2013
FP,future,7,63.61,2013
FP,future,8,63.61,2013
FP,future,9,63.61,2013
FP,pressures,1,,2013
FP,pressures,2,,2013
FP,pressures,3,,2013
FP,pressures,4,,2013
FP,pressures,5,,2013
FP,pressures,6,,2013
FP,pressures,7,,2013
FP,pressures,8,,2013
FP,pressures,9,,2013
FP,resilience,1,,2013
FP,resilience,2,,2013
FP,resilience,3,,2013
FP,resilience,4,,2013
FP,resilience,5,,2013
FP,resilience,6,,2013
FP,resilience,7,,2013
FP,resilience,8,,2013
FP,resilience,9,,2013
FP,score,0,59.9,2013
FP,score,1,59.9,2013
FP,score,2,59.9,2013
FP,score,3,59.9,2013
FP,score,4,59.9,2013
FP,score,5,59.9,2013
FP,score,6,59.9,2013
FP,score,7,59.9,2013
FP,score,8,59.9,2013
FP,score,9,59.9,2013
FP,status,0,56.19,2013
FP,status,1,56.19,2013
FP,status,2,56.19,2013
FP,status,3,56.19,2013
FP,status,4,56.19,2013
FP,status,5,56.19,2013
FP,status,6,56.19,2013
FP,status,7,56.19,2013
FP,status,8,56.19,2013
FP,status,9,56.19,2013
FP,trend,1,-0.05,2013
FP,trend,2,-0.05,2013
FP,trend,3,-0.05,2013
FP,trend,4,-0.05,2013
FP,trend,5,-0.05,2013
FP,trend,6,-0.05,2013
FP,trend,7,-0.05,2013
FP,trend,8,-0.05,2013
FP,trend,9,-0.05,2013
HAB,future,0,78.19,2013
HAB,future,1,78.19,2013
HAB,future,2,78.19,2013
HAB,future,3,78.19,2013
HAB,future,4,78.19,2013
HAB,future,5,78.19,2013
HAB,future,6,78.19,2013
HAB,future,7,78.19,2013
HAB,future,8,78.19,2013
HAB,future,9,78.19,2013
HAB,pressures,1,25.03,2013
HAB,pressures,2,25.03,2013
HAB,pressures,3,25.03,2013
HAB,pressures,4,25.03,2013
HAB,pressures,5,25.03,2013
HAB,pressures,6,25.03,2013
HAB,pressures,7,25.03,2013
HAB,pressures,8,25.03,2013
HAB,pressures,9,25.03,2013
HAB,resilience,1,72.34,2013
HAB,resilience,2,72.34,2013
HAB,resilience,3,72.34,2013
HAB,resilience,4,72.34,2013
HAB,resilience,5,72.34,2013
HAB,resilience,6,72.34,2013
HAB,resilience,7,72.34,2013
HAB,resilience,8,72.34,2013
HAB,resilience,9,72.34,2013
HAB,score,0,77.32,2013
HAB,score,1,77.32,2013
HAB,score,2,77.32,2013
HAB,score,3,77.32,2013
HAB,score,4,77.32,2013
HAB,score,5,77.32,2013
HAB,score,6,77.32,2013
HAB,score,7,77.32,2013
HAB,score,8,77.32,2013
HAB,score,9,77.32,2013
HAB,status,0,76.44,2013
HAB,status,1,76.44,2013
HAB,status,2,76.44,2013
HAB,status,3,76.44,2013
HAB,status,4,76.44,2013
HAB,status,5,76.44,2013
HAB,status,6,76.44,2013
HAB,status,7,76.44,2013
HAB,status,8,76.44,2013
HAB,status,9,76.44,2013
HAB,trend,1,-0.2,2013
HAB,trend,2,-0.2,2013
HAB,trend,3,-0.2,2013
HAB,trend,4,-0.2,2013
HAB,trend,5,-0.2,2013
HAB,trend,6,-0.2,2013
HAB,trend,7,-0.2,2013
HAB,trend,8,-0.2,2013
HAB,trend,9,-0.2,2013
ICO,future,0,76.05,2013
ICO,future,1,76.05,2013
ICO,future,2,76.05,2013
ICO,future,3,76.05,2013
ICO,future,4,76.05,2013
ICO,future,5,76.05,2013
ICO,future,6,76.05,2013
ICO,future,7,76.05,2013
ICO,future,8,76.05,2013
ICO,future,9,76.05,2013
ICO,pressures,1,28.86,2013
ICO,pressures,2,28.86,2013
ICO,pressures,3,28.86,2013
ICO,pressures,4,28.86,2013
ICO,pressures,5,28.86,2013
ICO,pressures,6,28.86,2013
ICO,pressures,7,28.86,2013
ICO,pressures,8,28.86,2013
ICO,pressures,9,28.86,2013
ICO,resilience,1,74.04,2013
ICO,resilience,2,74.04,2013
ICO,resilience,3,74.04,2013
ICO,resilience,4,74.04,2013
ICO,resilience,5,74.04,2013
ICO,resilience,6,74.04,2013
ICO,resilience,7,74.04,2013
ICO,resilience,8,74.04,2013
ICO,resilience,9,74.04,2013
ICO,score,0,70.39,2013
ICO,score,1,70.39,2013
ICO,score,2,70.39,2013
ICO,score,3,70.39,2013
ICO,score,4,70.39,2013
ICO,score,5,70.39,2013
ICO,score,6,70.39,2013
ICO,score,7,70.39,2013
ICO,score,8,70.39,2013
ICO,score,9,70.39,2013
ICO,status,0,64.72,2013
ICO,status,1,64.72,2013
ICO,status,2,64.72,2013
ICO,status,3,64.72,2013
ICO,status,4,64.72,2013
ICO,status,5,64.72,2013
ICO,status,6,64.72,2013
ICO,status,7,64.72,2013
ICO,status,8,64.72,2013
ICO,status,9,64.72,2013
ICO,trend,1,0.04,2013
ICO,trend,2,0.04,2013
ICO,trend,3,0.04,2013
ICO,trend,4,0.04,2013
ICO,trend,5,0.04,2013
ICO,trend,6,0.04,2013
ICO,trend,7,0.04,2013
ICO,trend,8,0.04,2013
ICO,trend,9,0.04,2013
Index,future,0,77.98,2013
Index,future,1,75.66,2013
Index,future,2,75.66,2013
Index,future,3,75.66,2013
Index,future,4,75.66,2013
Index,future,5,80.46,2013
Index,future,6,80.53,2013
Index,future,7,80.53,2013
Index,future,8,77.13,2013
Index,future,9,80.53,2013
Index,score,0,75.85,2013
Index,score,1,73.37,2013
Index,score,2,73.37,2013
Index,score,3,73.37,2013
Index,score,4,73.37,2013
Index,score,5,78.13,2013
Index,score,6,78.4,2013
Index,score,7,78.63,2013
Index,score,8,75.59,2013
Index,score,9,78.41,2013
LE,future,0,94.48,2013
LE,future,1,NaN,2013
LE,future,2,NaN,2013
LE,future,3,NaN,2013
LE,future,4,NaN,2013
LE,future,5,99.3,2013
LE,future,6,100,2013
LE,future,7,100,2013
LE,future,8,73.08,2013
LE,future,9,100,2013
LE,pressures,1,,2013
LE,pressures,2,,2013
LE,pressures,3,,2013
LE,pressures,4,,2013
LE,pressures,5,,2013
LE,pressures,6,,2013
LE,pressures,7,,2013
LE,pressures,8,,2013
LE,pressures,9,,2013
LE,resilience,1,,2013
LE,resilience,2,,2013
LE,resilience,3,,2013
LE,resilience,4,,2013
LE,resilience,5,,2013
LE,resilience,6,,2013
LE,resilience,7,,2013
LE,resilience,8,,2013
LE,resilience,9,,2013
LE,score,0,92.6,2013
LE,score,1,NaN,2013
LE,score,2,NaN,2013
LE,score,3,NaN,2013
LE,score,4,NaN,2013
LE,score,5,94.38,2013
LE,score,6,97.07,2013
LE,score,7,99.38,2013
LE,score,8,74.99,2013
LE,score,9,97.19,2013
LE,status,0,90.73,2013
LE,status,1,NaN,2013
LE,status,2,NaN,2013
LE,status,3,NaN,2013
LE,status,4,NaN,2013
LE,status,5,89.46,2013
LE,status,6,94.14,2013
LE,status,7,98.77,2013
LE,status,8,76.89,2013
LE,status,9,94.38,2013
LE,trend,1,NaN,2013
LE,trend,2,NaN,2013
LE,trend,3,NaN,2013
LE,trend,4,NaN,2013
LE,trend,5,-0.09,2013
LE,trend,6,0.23,2013
LE,trend,7,0.17,2013
LE,trend,8,-0.39,2013
LE,trend,9,0.54,2013
LIV,future,0,98.01,2013
LIV,future,1,,2013
LIV,future,2,,2013
LIV,future,3,,2013
LIV,future,4,,2013
LIV,future,5,100,2013
LIV,future,6,100,2013
LIV,future,7,100,2013
LIV,future,8,90.06,2013
LIV,future,9,100,2013
LIV,pressures,1,21.02,2013
LIV,pressures,2,21.02,2013
LIV,pressures,3,21.02,2013
LIV,pressures,4,21.02,2013
LIV,pressures,5,21.02,2013
LIV,pressures,6,21.02,2013
LIV,pressures,7,21.02,2013
LIV,pressures,8,21.02,2013
LIV,pressures,9,21.02,2013
LIV,resilience,1,80.71,2013
LIV,resilience,2,80.71,2013
LIV,resilience,3,80.71,2013
LIV,resilience,4,80.71,2013
LIV,resilience,5,80.71,2013
LIV,resilience,6,80.71,2013
LIV,resilience,7,80.71,2013
LIV,resilience,8,80.71,2013
LIV,resilience,9,80.71,2013
LIV,score,0,94.7,2013
LIV,score,1,,2013
LIV,score,2,,2013
LIV,score,3,,2013
LIV,score,4,,2013
LIV,score,5,95.4,2013
LIV,score,6,96.62,2013
LIV,score,7,98.77,2013
LIV,score,8,88.35,2013
LIV,score,9,94.38,2013
LIV,status,0,91.39,2013
LIV,status,1,,2013
LIV,status,2,,2013
LIV,status,3,,2013
LIV,status,4,,2013
LIV,status,5,90.81,2013
LIV,status,6,93.23,2013
LIV,status,7,97.53,2013
LIV,status,8,86.64,2013
LIV,status,9,88.76,2013
LIV,trend,1,,2013
LIV,trend,2,,2013
LIV,trend,3,,2013
LIV,trend,4,,2013
LIV,trend,5,-0.06,2013
LIV,trend,6,-0.05,2013
LIV,trend,7,0.1,2013
LIV,trend,8,-0.24,2013
LIV,trend,9,0.09,2013
LSP,future,0,78.83,2013
LSP,future,1,78.83,2013
LSP,future,2,78.83,2013
LSP,future,3,78.83,2013
LSP,future,4,78.83,2013
LSP,future,5,78.83,2013
LSP,future,6,78.83,2013
LSP,future,7,78.83,2013
LSP,future,8,78.83,2013
LSP,future,9,78.83,2013
LSP,pressures,1,34.57,2013
LSP,pressures,2,34.57,2013
LSP,pressures,3,34.57,2013
LSP,pressures,4,34.57,2013
LSP,pressures,5,34.57,2013
LSP,pressures,6,34.57,2013
LSP,pressures,7,34.57,2013
LSP,pressures,8,34.57,2013
LSP,pressures,9,34.57,2013
LSP,resilience,1,49.44,2013
LSP,resilience,2,49.44,2013
LSP,resilience,3,49.44,2013
LSP,resilience,4,49.44,2013
LSP,resilience,5,49.44,2013
LSP,resilience,6,49.44,2013
LSP,resilience,7,49.44,2013
LSP,resilience,8,49.44,2013
LSP,resilience,9,49.44,2013
LSP,score,0,75.96,2013
LSP,score,1,75.96,2013
LSP,score,2,75.96,2013
LSP,score,3,75.96,2013
LSP,score,4,75.96,2013
LSP,score,5,75.96,2013
LSP,score,6,75.96,2013
LSP,score,7,75.96,2013
LSP,score,8,75.96,2013
LSP,score,9,75.96,2013
LSP,status,0,73.09,2013
LSP,status,1,73.09,2013
LSP,status,2,73.09,2013
LSP,status,3,73.09,2013
LSP,status,4,73.09,2013
LSP,status,5,73.09,2013
LSP,status,6,73.09,2013
LSP,status,7,73.09,2013
LSP,status,8,73.09,2013
LSP,status,9,73.09,2013
LSP,trend,1,0.04,2013
LSP,trend,2,0.04,2013
LSP,trend,3,0.04,2013
LSP,trend,4,0.04,2013
LSP,trend,5,0.04,2013
LSP,trend,6,0.04,2013
LSP,trend,7,0.04,2013
LSP,trend,8,0.04,2013
LSP,trend,9,0.04,2013
MAR,future,0,98.11,2013
MAR,future,1,98.11,2013
MAR,future,2,98.11,2013
MAR,future,3,98.11,2013
MAR,future,4,98.11,2013
MAR,future,5,98.11,2013
MAR,future,6,98.11,2013
MAR,future,7,98.11,2013
MAR,future,8,98.11,2013
MAR,future,9,98.11,2013
MAR,pressures,1,20.11,2013
MAR,pressures,2,20.11,2013
MAR,pressures,3,20.11,2013
MAR,pressures,4,20.11,2013
MAR,pressures,5,20.11,2013
MAR,pressures,6,20.11,2013
MAR,pressures,7,20.11,2013
MAR,pressures,8,20.11,2013
MAR,pressures,9,20.11,2013
MAR,resilience,1,54.45,2013
MAR,resilience,2,54.45,2013
MAR,resilience,3,54.45,2013
MAR,resilience,4,54.45,2013
MAR,resilience,5,54.45,2013
MAR,resilience,6,54.45,2013
MAR,resilience,7,54.45,2013
MAR,resilience,8,54.45,2013
MAR,resilience,9,54.45,2013
MAR,score,0,94.21,2013
MAR,score,1,94.21,2013
MAR,score,2,94.21,2013
MAR,score,3,94.21,2013
MAR,score,4,94.21,2013
MAR,score,5,94.21,2013
MAR,score,6,94.21,2013
MAR,score,7,94.21,2013
MAR,score,8,94.21,2013
MAR,score,9,94.21,2013
MAR,status,0,90.3,2013
MAR,status,1,90.3,2013
MAR,status,2,90.3,2013
MAR,status,3,90.3,2013
MAR,status,4,90.3,2013
MAR,status,5,90.3,2013
MAR,status,6,90.3,2013
MAR,status,7,90.3,2013
MAR,status,8,90.3,2013
MAR,status,9,90.3,2013
MAR,trend,1,-0.04,2013
MAR,trend,2,-0.04,2013
MAR,trend,3,-0.04,2013
MAR,trend,4,-0.04,2013
MAR,trend,5,-0.04,2013
MAR,trend,6,-0.04,2013
MAR,trend,7,-0.04,2013
MAR,trend,8,-0.04,2013
MAR,trend,9,-0.04,2013
NP,future,0,35.75,2013
NP,future,1,35.75,2013
NP,future,2,35.75,2013
NP,future,3,35.75,2013
NP,future,4,35.75,2013
NP,future,5,35.75,2013
NP,future,6,35.75,2013
NP,future,7,35.75,2013
NP,future,8,35.75,2013
NP,future,9,35.75,2013
NP,pressures,1,16.83,2013
NP,pressures,2,16.83,2013
NP,pressures,3,16.83,2013
NP,pressures,4,16.83,2013
NP,pressures,5,16.83,2013
NP,pressures,6,16.83,2013
NP,pressures,7,16.83,2013
NP,pressures,8,16.83,2013
NP,pressures,9,16.83,2013
NP,resilience,1,73.44,2013
NP,resilience,2,73.44,2013
NP,resilience,3,73.44,2013
NP,resilience,4,73.44,2013
NP,resilience,5,73.44,2013
NP,resilience,6,73.44,2013
NP,resilience,7,73.44,2013
NP,resilience,8,73.44,2013
NP,resilience,9,73.44,2013
NP,score,0,32.31,2013
NP,score,1,32.31,2013
NP,score,2,32.31,2013
NP,score,3,32.31,2013
NP,score,4,32.31,2013
NP,score,5,32.31,2013
NP,score,6,32.31,2013
NP,score,7,32.31,2013
NP,score,8,32.31,2013
NP,score,9,32.31,2013
NP,status,0,28.87,2013
NP,status,1,28.87,2013
NP,status,2,28.87,2013
NP,status,3,28.87,2013
NP,status,4,28.87,2013
NP,status,5,28.87,2013
NP,status,6,28.87,2013
NP,status,7,28.87,2013
NP,status,8,28.87,2013
NP,status,9,28.87,2013
NP,trend,1,0.08,2013
NP,trend,2,0.08,2013
NP,trend,3,0.08,2013
NP,trend,4,0.08,2013
NP,trend,5,0.08,2013
NP,trend,6,0.08,2013
NP,trend,7,0.08,2013
NP,trend,8,0.08,2013
NP,trend,9,0.08,2013
SP,future,0,77.44,2013
SP,future,1,77.44,2013
SP,future,2,77.44,2013
SP,future,3,77.44,2013
SP,future,4,77.44,2013
SP,future,5,77.44,2013
SP,future,6,77.44,2013
SP,future,7,77.44,2013
SP,future,8,77.44,2013
SP,future,9,77.44,2013
SP,pressures,1,,2013
SP,pressures,2,,2013
SP,pressures,3,,2013
SP,pressures,4,,2013
SP,pressures,5,,2013
SP,pressures,6,,2013
SP,pressures,7,,2013
SP,pressures,8,,2013
SP,pressures,9,,2013
SP,resilience,1,,2013
SP,resilience,2,,2013
SP,resilience,3,,2013
SP,resilience,4,,2013
SP,resilience,5,,2013
SP,resilience,6,,2013
SP,resilience,7,,2013
SP,resilience,8,,2013
SP,resilience,9,,2013
SP,score,0,73.17,2013
SP,score,1,73.17,2013
SP,score,2,73.17,2013
SP,score,3,73.17,2013
SP,score,4,73.17,2013
SP,score,5,73.17,2013
SP,score,6,73.17,2013
SP,score,7,73.17,2013
SP,score,8,73.17,2013
SP,score,9,73.17,2013
SP,status,0,68.91,2013
SP,status,1,68.91,2013
SP,status,2,68.91,2013
SP,status,3,68.91,2013
SP,status,4,68.91,2013
SP,status,5,68.91,2013
SP,status,6,68.91,2013
SP,status,7,68.91,2013
SP,status,8,68.91,2013
SP,status,9,68.91,2013
SP,trend,1,0.04,2013
SP,trend,2,0.04,2013
SP,trend,3,0.04,2013
SP,trend,4,0.04,2013
SP,trend,5,0.04,2013
SP,trend,6,0.04,2013
SP,trend,7,0.04,2013
SP,trend,8,0.04,2013
SP,trend,9,0.04,2013
SPP,future,0,92.14,2013
SPP,future,1,92.14,2013
SPP,future,2,92.14,2013
SPP,future,3,92.14,2013
SPP,future,4,92.14,2013
SPP,future,5,92.14,2013
SPP,future,6,92.14,2013
SPP,future,7,92.14,2013
SPP,future,8,92.14,2013
SPP,future,9,92.14,2013
SPP,pressures,1,27.34,2013
SPP,pressures,2,27.34,2013
SPP,pressures,3,27.34,2013
SPP,pressures,4,27.34,2013
SPP,pressures,5,27.34,2013
SPP,pressures,6,27.34,2013
SPP,pressures,7,27.34,2013
SPP,pressures,8,27.34,2013
SPP,pressures,9,27.34,2013
SPP,resilience,1,60.65,2013
SPP,resilience,2,60.65,2013
SPP,resilience,3,60.65,2013
SPP,resilience,4,60.65,2013
SPP,resilience,5,60.65,2013
SPP,resilience,6,60.65,2013
SPP,resilience,7,60.65,2013
SPP,resilience,8,60.65,2013
SPP,resilience,9,60.65,2013
SPP,score,0,91.36,2013
SPP,score,1,91.36,2013
SPP,score,2,91.36,2013
SPP,score,3,91.36,2013
SPP,score,4,91.36,2013
SPP,score,5,91.36,2013
SPP,score,6,91.36,2013
SPP,score,7,91.36,2013
SPP,score,8,91.36,2013
SPP,score,9,91.36,2013
SPP,status,0,90.58,2013
SPP,status,1,90.58,2013
SPP,status,2,90.58,2013
SPP,status,3,90.58,2013
SPP,status,4,90.58,2013
SPP,status,5,90.58,2013
SPP,status,6,90.58,2013
SPP,status,7,90.58,2013
SPP,status,8,90.58,2013
SPP,status,9,90.58,2013
SPP,trend,1,-0.14,2013
SPP,trend,2,-0.14,2013
SPP,trend,3,-0.14,2013
SPP,trend,4,-0.14,2013
SPP,trend,5,-0.14,2013
SPP,trend,6,-0.14,2013
SPP,trend,7,-0.14,2013
SPP,trend,8,-0.14,2013
SPP,trend,9,-0.14,2013
TR,future,0,98.59,2013
TR,future,1,,2013
TR,future,2,,2013
TR,future,3,,2013
TR,future,4,,2013
TR,future,5,100,2013
TR,future,6,100,2013
TR,future,7,100,2013
TR,future,8,92.96,2013
TR,future,9,100,2013
TR,pressures,1,36.94,2013
TR,pressures,2,36.94,2013
TR,pressures,3,36.94,2013
TR,pressures,4,36.94,2013
TR,pressures,5,36.94,2013
TR,pressures,6,36.94,2013
TR,pressures,7,36.94,2013
TR,pressures,8,36.94,2013
TR,pressures,9,36.94,2013
TR,resilience,1,40.35,2013
TR,resilience,2,40.35,2013
TR,resilience,3,40.35,2013
TR,resilience,4,40.35,2013
TR,resilience,5,40.35,2013
TR,resilience,6,40.35,2013
TR,resilience,7,40.35,2013
TR,resilience,8,40.35,2013
TR,resilience,9,40.35,2013
TR,score,0,98.8,2013
TR,score,1,,2013
TR,score,2,,2013
TR,score,3,,2013
TR,score,4,,2013
TR,score,5,100,2013
TR,score,6,100,2013
TR,score,7,100,2013
TR,score,8,94,2013
TR,score,9,100,2013
TR,status,0,99.01,2013
TR,status,1,,2013
TR,status,2,,2013
TR,status,3,,2013
TR,status,4,,2013
TR,status,5,100,2013
TR,status,6,100,2013
TR,status,7,100,2013
TR,status,8,95.05,2013
TR,status,9,100,2013
TR,trend,1,,2013
TR,trend,2,,2013
TR,trend,3,,2013
TR,trend,4,,2013
TR,trend,5,0,2013
TR,trend,6,0.04,2013
TR,trend,7,0,2013
TR,trend,8,-0.05,2013
TR,trend,9,0.34,2013
AO,future,0,100,2014
AO,future,1,100,2014
AO,future,2,100,2014
AO,future,3,100,2014
AO,future,4,100,2014
AO,future,5,100,2014
AO,future,6,100,2014
AO,future,7,100,2014
AO,future,8,100,2014
AO,future,9,100,2014
AO,pressures,1,19.5,2014
AO,pressures,2,19.5,2014
AO,pressures,3,19.5,2014
AO,pressures,4,19.5,2014
AO,pressures,5,19.5,2014
AO,pressures,6,19.5,2014
AO,pressures,7,19.5,2014
AO,pressures,8,19.5,2014
AO,pressures,9,19.5,2014
AO,resilience,1,74.33,2014
AO,resilience,2,74.33,2014
AO,resilience,3,74.33,2014
AO,resilience,4,74.33,2014
AO,resilience,5,74.33,2014
AO,resilience,6,74.33,2014
AO,resilience,7,74.33,2014
AO,resilience,8,74.33,2014
AO,resilience,9,74.33,2014
AO,score,0,100,2014
AO,score,1,100,2014
AO,score,2,100,2014
AO,score,3,100,2014
AO,score,4,100,2014
AO,score,5,100,2014
AO,score,6,100,2014
AO,score,7,100,2014
AO,score,8,100,2014
AO,score,9,100,2014
AO,status,0,100,2014
AO,status,1,100,2014
AO,status,2,100,2014
AO,status,3,100,2014
AO,status,4,100,2014
AO,status,5,100,2014
AO,status,6,100,2014
AO,status,7,100,2014
AO,status,8,100,2014
AO,status,9,100,2014
AO,trend,1,0.01,2014
AO,trend,2,0.01,2014
AO,trend,3,0.01,2014
AO,trend,4,0.01,2014
AO,trend,5,0.01,2014
AO,trend,6,0.01,2014
AO,trend,7,0.01,2014
AO,trend,8,0.01,2014
AO,trend,9,0.01,2014
BD,future,0,85.28,2014
BD,future,1,85.28,2014
BD,future,2,85.28,2014
BD,future,3,85.28,2014
BD,future,4,85.28,2014
BD,future,5,85.28,2014
BD,future,6,85.28,2014
BD,future,7,85.28,2014
BD,future,8,85.28,2014
BD,future,9,85.28,2014
BD,pressures,1,,2014
BD,pressures,2,,2014
BD,pressures,3,,2014
BD,pressures,4,,2014
BD,pressures,5,,2014
BD,pressures,6,,2014
BD,pressures,7,,2014
BD,pressures,8,,2014
BD,pressures,9,,2014
BD,resilience,1,,2014
BD,resilience,2,,2014
BD,resilience,3,,2014
BD,resilience,4,,2014
BD,resilience,5,,2014
BD,resilience,6,,2014
BD,resilience,7,,2014
BD,resilience,8,,2014
BD,resilience,9,,2014
BD,score,0,84.34,2014
BD,score,1,84.34,2014
BD,score,2,84.34,2014
BD,score,3,84.34,2014
BD,score,4,84.34,2014
BD,score,5,84.34,2014
BD,score,6,84.34,2014
BD,score,7,84.34,2014
BD,score,8,84.34,2014
BD,score,9,84.34,2014
BD,status,0,83.4,2014
BD,status,1,83.4,2014
BD,status,2,83.4,2014
BD,status,3,83.4,2014
BD,status,4,83.4,2014
BD,status,5,83.4,2014
BD,status,6,83.4,2014
BD,status,7,83.4,2014
BD,status,8,83.4,2014
BD,status,9,83.4,2014
BD,trend,1,-0.16,2014
BD,trend,2,-0.16,2014
BD,trend,3,-0.16,2014
BD,trend,4,-0.16,2014
BD,trend,5,-0.16,2014
BD,trend,6,-0.16,2014
BD,trend,7,-0.16,2014
BD,trend,8,-0.16,2014
BD,trend,9,-0.16,2014
CP,future,0,100,2014
CP,future,1,100,2014
CP,future,2,100,2014
CP,future,3,100,2014
CP,future,4,100,2014
CP,future,5,100,2014
CP,future,6,100,2014
CP,future,7,100,2014
CP,future,8,100,2014
CP,future,9,100,2014
CP,pressures,1,21.62,2014
CP,pressures,2,21.62,2014
CP,pressures,3,21.62,2014
CP,pressures,4,21.62,2014
CP,pressures,5,21.62,2014
CP,pressures,6,21.62,2014
CP,pressures,7,21.62,2014
CP,pressures,8,21.62,2014
CP,pressures,9,21.62,2014
CP,resilience,1,74.22,2014
CP,resilience,2,74.22,2014
CP,resilience,3,74.22,2014
CP,resilience,4,74.22,2014
CP,resilience,5,74.22,2014
CP,resilience,6,74.22,2014
CP,resilience,7,74.22,2014
CP,resilience,8,74.22,2014
CP,resilience,9,74.22,2014
CP,score,0,94.13,2014
CP,score,1,94.13,2014
CP,score,2,94.13,2014
CP,score,3,94.13,2014
CP,score,4,94.13,2014
CP,score,5,94.13,2014
CP,score,6,94.13,2014
CP,score,7,94.13,2014
CP,score,8,94.13,2014
CP,score,9,94.13,2014
CP,status,0,88.25,2014
CP,status,1,88.25,2014
CP,status,2,88.25,2014
CP,status,3,88.25,2014
CP,status,4,88.25,2014
CP,status,5,88.25,2014
CP,status,6,88.25,2014
CP,status,7,88.25,2014
CP,status,8,88.25,2014
CP,status,9,88.25,2014
CP,trend,1,-0.05,2014
CP,trend,2,-0.05,2014
CP,trend,3,-0.05,2014
CP,trend,4,-0.05,2014
CP,trend,5,-0.05,2014
CP,trend,6,-0.05,2014
CP,trend,7,-0.05,2014
CP,trend,8,-0.05,2014
CP,trend,9,-0.05,2014
CS,future,0,58.09,2014
CS,future,1,58.09,2014
CS,future,2,58.09,2014
CS,future,3,58.09,2014
CS,future,4,58.09,2014
CS,future,5,58.09,2014
CS,future,6,58.09,2014
CS,future,7,58.09,2014
CS,future,8,58.09,2014
CS,future,9,58.09,2014
CS,pressures,1,25.82,2014
CS,pressures,2,25.82,2014
CS,pressures,3,25.82,2014
CS,pressures,4,25.82,2014
CS,pressures,5,25.82,2014
CS,pressures,6,25.82,2014
CS,pressures,7,25.82,2014
CS,pressures,8,25.82,2014
CS,pressures,9,25.82,2014
CS,resilience,1,51.13,2014
CS,resilience,2,51.13,2014
CS,resilience,3,51.13,2014
CS,resilience,4,51.13,2014
CS,resilience,5,51.13,2014
CS,resilience,6,51.13,2014
CS,resilience,7,51.13,2014
CS,resilience,8,51.13,2014
CS,resilience,9,51.13,2014
CS,score,0,61.91,2014
CS,score,1,61.91,2014
CS,score,2,61.91,2014
CS,score,3,61.91,2014
CS,score,4,61.91,2014
CS,score,5,61.91,2014
CS,score,6,61.91,2014
CS,score,7,61.91,2014
CS,score,8,61.91,2014
CS,score,9,61.91,2014
CS,status,0,65.72,2014
CS,status,1,65.72,2014
CS,status,2,65.72,2014
CS,status,3,65.72,2014
CS,status,4,65.72,2014
CS,status,5,65.72,2014
CS,status,6,65.72,2014
CS,status,7,65.72,2014
CS,status,8,65.72,2014
CS,status,9,65.72,2014
CS,trend,1,-0.3,2014
CS,trend,2,-0.3,2014
CS,trend,3,-0.3,2014
CS,trend,4,-0.3,2014
CS,trend,5,-0.3,2014
CS,trend,6,-0.3,2014
CS,trend,7,-0.3,2014
CS,trend,8,-0.3,2014
CS,trend,9,-0.3,2014
CW,future,0,86.17,2014
CW,future,1,86.17,2014
CW,future,2,86.17,2014
CW,future,3,86.17,2014
CW,future,4,86.17,2014
CW,future,5,86.17,2014
CW,future,6,86.17,2014
CW,future,7,86.17,2014
CW,future,8,86.17,2014
CW,future,9,86.17,2014
CW,pressures,1,52.01,2014
CW,pressures,2,52.01,2014
CW,pressures,3,52.01,2014
CW,pressures,4,52.01,2014
CW,pressures,5,52.01,2014
CW,pressures,6,52.01,2014
CW,pressures,7,52.01,2014
CW,pressures,8,52.01,2014
CW,pressures,9,52.01,2014
CW,resilience,1,40.4,2014
CW,resilience,2,40.4,2014
CW,resilience,3,40.4,2014
CW,resilience,4,40.4,2014
CW,resilience,5,40.4,2014
CW,resilience,6,40.4,2014
CW,resilience,7,40.4,2014
CW,resilience,8,40.4,2014
CW,resilience,9,40.4,2014
CW,score,0,81.68,2014
CW,score,1,81.68,2014
CW,score,2,81.68,2014
CW,score,3,81.68,2014
CW,score,4,81.68,2014
CW,score,5,81.68,2014
CW,score,6,81.68,2014
CW,score,7,81.68,2014
CW,score,8,81.68,2014
CW,score,9,81.68,2014
CW,status,0,77.18,2014
CW,status,1,77.18,2014
CW,status,2,77.18,2014
CW,status,3,77.18,2014
CW,status,4,77.18,2014
CW,status,5,77.18,2014
CW,status,6,77.18,2014
CW,status,7,77.18,2014
CW,status,8,77.18,2014
CW,status,9,77.18,2014
CW,trend,1,0.23,2014
CW,trend,2,0.23,2014
CW,trend,3,0.23,2014
CW,trend,4,0.23,2014
CW,trend,5,0.23,2014
CW,trend,6,0.23,2014
CW,trend,7,0.23,2014
CW,trend,8,0.23,2014
CW,trend,9,0.23,2014
ECO,future,0,94.94,2014
ECO,future,1,,2014
ECO,future,2,,2014
ECO,future,3,,2014
ECO,future,4,,2014
ECO,future,5,74.7,2014
ECO,future,6,100,2014
ECO,future,7,100,2014
ECO,future,8,100,2014
ECO,future,9,100,2014
ECO,pressures,1,20.29,2014
ECO,pressures,2,20.29,2014
ECO,pressures,3,20.29,2014
ECO,pressures,4,20.29,2014
ECO,pressures,5,20.29,2014
ECO,pressures,6,20.29,2014
ECO,pressures,7,20.29,2014
ECO,pressures,8,20.29,2014
ECO,pressures,9,20.29,2014
ECO,resilience,1,80.79,2014
ECO,resilience,2,80.79,2014
ECO,resilience,3,80.79,2014
ECO,resilience,4,80.79,2014
ECO,resilience,5,80.79,2014
ECO,resilience,6,80.79,2014
ECO,resilience,7,80.79,2014
ECO,resilience,8,80.79,2014
ECO,resilience,9,80.79,2014
ECO,score,0,94.89,2014
ECO,score,1,,2014
ECO,score,2,,2014
ECO,score,3,,2014
ECO,score,4,,2014
ECO,score,5,74.47,2014
ECO,score,6,100,2014
ECO,score,7,100,2014
ECO,score,8,100,2014
ECO,score,9,100,2014
ECO,status,0,94.85,2014
ECO,status,1,,2014
ECO,status,2,,2014
ECO,status,3,,2014
ECO,status,4,,2014
ECO,status,5,74.24,2014
ECO,status,6,100,2014
ECO,status,7,100,2014
ECO,status,8,100,2014
ECO,status,9,100,2014
ECO,trend,1,,2014
ECO,trend,2,,2014
ECO,trend,3,,2014
ECO,trend,4,,2014
ECO,trend,5,-0.29,2014
ECO,trend,6,0.01,2014
ECO,trend,7,0,2014
ECO,trend,8,0.49,2014
ECO,trend,9,0.36,2014
FIS,future,0,59.9,2014
FIS,future,1,59.9,2014
FIS,future,2,59.9,2014
FIS,future,3,59.9,2014
FIS,future,4,59.9,2014
FIS,future,5,59.9,2014
FIS,future,6,59.9,2014
FIS,future,7,59.9,2014
FIS,future,8,59.9,2014
FIS,future,9,59.9,2014
FIS,pressures,1,24.97,2014
FIS,pressures,2,24.97,2014
FIS,pressures,3,24.97,2014
FIS,pressures,4,24.97,2014
FIS,pressures,5,24.97,2014
FIS,pressures,6,24.97,2014
FIS,pressures,7,24.97,2014
FIS,pressures,8,24.97,2014
FIS,pressures,9,24.97,2014
FIS,resilience,1,76.12,2014
FIS,resilience,2,76.12,2014
FIS,resilience,3,76.12,2014
FIS,resilience,4,76.12,2014
FIS,resilience,5,76.12,2014
FIS,resilience,6,76.12,2014
FIS,resilience,7,76.12,2014
FIS,resilience,8,76.12,2014
FIS,resilience,9,76.12,2014
FIS,score,0,56.7,2014
FIS,score,1,56.7,2014
FIS,score,2,56.7,2014
FIS,score,3,56.7,2014
FIS,score,4,56.7,2014
FIS,score,5,56.7,2014
FIS,score,6,56.7,2014
FIS,score,7,56.7,2014
FIS,score,8,56.7,2014
FIS,score,9,56.7,2014
FIS,status,0,53.5,2014
FIS,status,1,53.5,2014
FIS,status,2,53.5,2014
FIS,status,3,53.5,2014
FIS,status,4,53.5,2014
FIS,status,5,53.5,2014
FIS,status,6,53.5,2014
FIS,status,7,53.5,2014
FIS,status,8,53.5,2014
FIS,status,9,53.5,2014
FIS,trend,1,-0.07,2014
FIS,trend,2,-0.07,2014
FIS,trend,3,-0.07,2014
FIS,trend,4,-0.07,2014
FIS,trend,5,-0.07,2014
FIS,trend,6,-0.07,2014
FIS,trend,7,-0.07,2014
FIS,trend,8,-0.07,2014
FIS,trend,9,-0.07,2014
FP,future,0,61.09,2014
FP,future,1,61.09,2014
FP,future,2,61.09,2014
FP,future,3,61.09,2014
FP,future,4,61.09,2014
FP,future,5,61.09,2014
FP,future,6,61.09,2014
FP,future,7,61.09,2014
FP,future,8,61.09,2014
FP,future,9,61.09,2014
FP,pressures,1,,2014
FP,pressures,2,,2014
FP,pressures,3,,2014
FP,pressures,4,,2014
FP,pressures,5,,2014
FP,pressures,6,,2014
FP,pressures,7,,2014
FP,pressures,8,,2014
FP,pressures,9,,2014
FP,resilience,1,,2014
FP,resilience,2,,2014
FP,resilience,3,,2014
FP,resilience,4,,2014
FP,resilience,5,,2014
FP,resilience,6,,2014
FP,resilience,7,,2014
FP,resilience,8,,2014
FP,resilience,9,,2014
FP,score,0,57.88,2014
FP,score,1,57.88,2014
FP,score,2,57.88,2014
FP,score,3,57.88,2014
FP,score,4,57.88,2014
FP,score,5,57.88,2014
FP,score,6,57.88,2014
FP,score,7,57.88,2014
FP,score,8,57.88,2014
FP,score,9,57.88,2014
FP,status,0,54.68,2014
FP,status,1,54.68,2014
FP,status,2,54.68,2014
FP,status,3,54.68,2014
FP,status,4,54.68,2014
FP,status,5,54.68,2014
FP,status,6,54.68,2014
FP,status,7,54.68,2014
FP,status,8,54.68,2014
FP,status,9,54.68,2014
FP,trend,1,-0.07,2014
FP,trend,2,-0.07,2014
FP,trend,3,-0.07,2014
FP,trend,4,-0.07,2014
FP,trend,5,-0.07,2014
FP,trend,6,-0.07,2014
FP,trend,7,-0.07,2014
FP,trend,8,-0.07,2014
FP,trend,9,-0.07,2014
HAB,future,0,78.57,2014
HAB,future,1,78.57,2014
HAB,future,2,78.57,2014
HAB,future,3,78.57,2014
HAB,future,4,78.57,2014
HAB,future,5,78.57,2014
HAB,future,6,78.57,2014
HAB,future,7,78.57,2014
HAB,future,8,78.57,2014
HAB,future,9,78.57,2014
HAB,pressures,1,24.29,2014
HAB,pressures,2,24.29,2014
HAB,pressures,3,24.29,2014
HAB,pressures,4,24.29,2014
HAB,pressures,5,24.29,2014
HAB,pressures,6,24.29,2014
HAB,pressures,7,24.29,2014
HAB,pressures,8,24.29,2014
HAB,pressures,9,24.29,2014
HAB,resilience,1,72.38,2014
HAB,resilience,2,72.38,2014
HAB,resilience,3,72.38,2014
HAB,resilience,4,72.38,2014
HAB,resilience,5,72.38,2014
HAB,resilience,6,72.38,2014
HAB,resilience,7,72.38,2014
HAB,resilience,8,72.38,2014
HAB,resilience,9,72.38,2014
HAB,score,0,77.39,2014
HAB,score,1,77.39,2014
HAB,score,2,77.39,2014
HAB,score,3,77.39,2014
HAB,score,4,77.39,2014
HAB,score,5,77.39,2014
HAB,score,6,77.39,2014
HAB,score,7,77.39,2014
HAB,score,8,77.39,2014
HAB,score,9,77.39,2014
HAB,status,0,76.22,2014
HAB,status,1,76.22,2014
HAB,status,2,76.22,2014
HAB,status,3,76.22,2014
HAB,status,4,76.22,2014
HAB,status,5,76.22,2014
HAB,status,6,76.22,2014
HAB,status,7,76.22,2014
HAB,status,8,76.22,2014
HAB,status,9,76.22,2014
HAB,trend,1,-0.19,2014
HAB,trend,2,-0.19,2014
HAB,trend,3,-0.19,2014
HAB,trend,4,-0.19,2014
HAB,trend,5,-0.19,2014
HAB,trend,6,-0.19,2014
HAB,trend,7,-0.19,2014
HAB,trend,8,-0.19,2014
HAB,trend,9,-0.19,2014
ICO,future,0,75.86,2014
ICO,future,1,75.86,2014
ICO,future,2,75.86,2014
ICO,future,3,75.86,2014
ICO,future,4,75.86,2014
ICO,future,5,75.86,2014
ICO,future,6,75.86,2014
ICO,future,7,75.86,2014
ICO,future,8,75.86,2014
ICO,future,9,75.86,2014
ICO,pressures,1,29.64,2014
ICO,pressures,2,29.64,2014
ICO,pressures,3,29.64,2014
ICO,pressures,4,29.64,2014
ICO,pressures,5,29.64,2014
ICO,pressures,6,29.64,2014
ICO,pressures,7,29.64,2014
ICO,pressures,8,29.64,2014
ICO,pressures,9,29.64,2014
ICO,resilience,1,74.09,2014
ICO,resilience,2,74.09,2014
ICO,resilience,3,74.09,2014
ICO,resilience,4,74.09,2014
ICO,resilience,5,74.09,2014
ICO,resilience,6,74.09,2014
ICO,resilience,7,74.09,2014
ICO,resilience,8,74.09,2014
ICO,resilience,9,74.09,2014
ICO,score,0,70.29,2014
ICO,score,1,70.29,2014
ICO,score,2,70.29,2014
ICO,score,3,70.29,2014
ICO,score,4,70.29,2014
ICO,score,5,70.29,2014
ICO,score,6,70.29,2014
ICO,score,7,70.29,2014
ICO,score,8,70.29,2014
ICO,score,9,70.29,2014
ICO,status,0,64.72,2014
ICO,status,1,64.72,2014
ICO,status,2,64.72,2014
ICO,status,3,64.72,2014
ICO,status,4,64.72,2014
ICO,status,5,64.72,2014
ICO,status,6,64.72,2014
ICO,status,7,64.72,2014
ICO,status,8,64.72,2014
ICO,status,9,64.72,2014
ICO,trend,1,0.04,2014
ICO,trend,2,0.04,2014
ICO,trend,3,0.04,2014
ICO,trend,4,0.04,2014
ICO,trend,5,0.04,2014
ICO,trend,6,0.04,2014
ICO,trend,7,0.04,2014
ICO,trend,8,0.04,2014
ICO,trend,9,0.04,2014
Index,future,0,78.18,2014
Index,future,1,75.62,2014
Index,future,2,75.62,2014
Index,future,3,75.62,2014
Index,future,4,75.62,2014
Index,future,5,79.23,2014
Index,future,6,80.49,2014
Index,future,7,80.49,2014
Index,future,8,80.46,2014
Index,future,9,80.49,2014
Index,score,0,76.04,2014
Index,score,1,73.27,2014
Index,score,2,73.27,2014
Index,score,3,73.27,2014
Index,score,4,73.27,2014
Index,score,5,77.19,2014
Index,score,6,78.44,2014
Index,score,7,78.61,2014
Index,score,8,78.54,2014
Index,score,9,78.5,2014
LE,future,0,97.47,2014
LE,future,1,NaN,2014
LE,future,2,NaN,2014
LE,future,3,NaN,2014
LE,future,4,NaN,2014
LE,future,5,87.35,2014
LE,future,6,100,2014
LE,future,7,100,2014
LE,future,8,100,2014
LE,future,9,100,2014
LE,pressures,1,,2014
LE,pressures,2,,2014
LE,pressures,3,,2014
LE,pressures,4,,2014
LE,pressures,5,,2014
LE,pressures,6,,2014
LE,pressures,7,,2014
LE,pressures,8,,2014
LE,pressures,9,,2014
LE,resilience,1,,2014
LE,resilience,2,,2014
LE,resilience,3,,2014
LE,resilience,4,,2014
LE,resilience,5,,2014
LE,resilience,6,,2014
LE,resilience,7,,2014
LE,resilience,8,,2014
LE,resilience,9,,2014
LE,score,0,96.48,2014
LE,score,1,NaN,2014
LE,score,2,NaN,2014
LE,score,3,NaN,2014
LE,score,4,NaN,2014
LE,score,5,85.8,2014
LE,score,6,98.29,2014
LE,score,7,100,2014
LE,score,8,99.45,2014
LE,score,9,98.84,2014
LE,status,0,95.48,2014
LE,status,1,NaN,2014
LE,status,2,NaN,2014
LE,status,3,NaN,2014
LE,status,4,NaN,2014
LE,status,5,84.25,2014
LE,status,6,96.58,2014
LE,status,7,100,2014
LE,status,8,98.9,2014
LE,status,9,97.68,2014
LE,trend,1,NaN,2014
LE,trend,2,NaN,2014
LE,trend,3,NaN,2014
LE,trend,4,NaN,2014
LE,trend,5,-0.16,2014
LE,trend,6,-0.02,2014
LE,trend,7,0.03,2014
LE,trend,8,0.46,2014
LE,trend,9,0.18,2014
LIV,future,0,100,2014
LIV,future,1,,2014
LIV,future,2,,2014
LIV,future,3,,2014
LIV,future,4,,2014
LIV,future,5,100,2014
LIV,future,6,100,2014
LIV,future,7,100,2014
LIV,future,8,100,2014
LIV,future,9,100,2014
LIV,pressures,1,20.79,2014
LIV,pressures,2,20.79,2014
LIV,pressures,3,20.79,2014
LIV,pressures,4,20.79,2014
LIV,pressures,5,20.79,2014
LIV,pressures,6,20.79,2014
LIV,pressures,7,20.79,2014
LIV,pressures,8,20.79,2014
LIV,pressures,9,20.79,2014
LIV,resilience,1,80.79,2014
LIV,resilience,2,80.79,2014
LIV,resilience,3,80.79,2014
LIV,resilience,4,80.79,2014
LIV,resilience,5,80.79,2014
LIV,resilience,6,80.79,2014
LIV,resilience,7,80.79,2014
LIV,resilience,8,80.79,2014
LIV,resilience,9,80.79,2014
LIV,score,0,98.06,2014
LIV,score,1,,2014
LIV,score,2,,2014
LIV,score,3,,2014
LIV,score,4,,2014
LIV,score,5,97.13,2014
LIV,score,6,96.58,2014
LIV,score,7,100,2014
LIV,score,8,98.9,2014
LIV,score,9,97.68,2014
LIV,status,0,96.12,2014
LIV,status,1,,2014
LIV,status,2,,2014
LIV,status,3,,2014
LIV,status,4,,2014
LIV,status,5,94.27,2014
LIV,status,6,93.15,2014
LIV,status,7,100,2014
LIV,status,8,97.8,2014
LIV,status,9,95.37,2014
LIV,trend,1,,2014
LIV,trend,2,,2014
LIV,trend,3,,2014
LIV,trend,4,,2014
LIV,trend,5,-0.03,2014
LIV,trend,6,-0.05,2014
LIV,trend,7,0.05,2014
LIV,trend,8,0.42,2014
LIV,trend,9,0,2014
LSP,future,0,77.05,2014
LSP,future,1,77.05,2014
LSP,future,2,77.05,2014
LSP,future,3,77.05,2014
LSP,future,4,77.05,2014
LSP,future,5,77.05,2014
LSP,future,6,77.05,2014
LSP,future,7,77.05,2014
LSP,future,8,77.05,2014
LSP,future,9,77.05,2014
LSP,pressures,1,34.45,2014
LSP,pressures,2,34.45,2014
LSP,pressures,3,34.45,2014
LSP,pressures,4,34.45,2014
LSP,pressures,5,34.45,2014
LSP,pressures,6,34.45,2014
LSP,pressures,7,34.45,2014
LSP,pressures,8,34.45,2014
LSP,pressures,9,34.45,2014
LSP,resilience,1,49.49,2014
LSP,resilience,2,49.49,2014
LSP,resilience,3,49.49,2014
LSP,resilience,4,49.49,2014
LSP,resilience,5,49.49,2014
LSP,resilience,6,49.49,2014
LSP,resilience,7,49.49,2014
LSP,resilience,8,49.49,2014
LSP,resilience,9,49.49,2014
LSP,score,0,75.07,2014
LSP,score,1,75.07,2014
LSP,score,2,75.07,2014
LSP,score,3,75.07,2014
LSP,score,4,75.07,2014
LSP,score,5,75.07,2014
LSP,score,6,75.07,2014
LSP,score,7,75.07,2014
LSP,score,8,75.07,2014
LSP,score,9,75.07,2014
LSP,status,0,73.09,2014
LSP,status,1,73.09,2014
LSP,status,2,73.09,2014
LSP,status,3,73.09,2014
LSP,status,4,73.09,2014
LSP,status,5,73.09,2014
LSP,status,6,73.09,2014
LSP,status,7,73.09,2014
LSP,status,8,73.09,2014
LSP,status,9,73.09,2014
LSP,trend,1,0.01,2014
LSP,trend,2,0.01,2014
LSP,trend,3,0.01,2014
LSP,trend,4,0.01,2014
LSP,trend,5,0.01,2014
LSP,trend,6,0.01,2014
LSP,trend,7,0.01,2014
LSP,trend,8,0.01,2014
LSP,trend,9,0.01,2014
MAR,future,0,94.92,2014
MAR,future,1,94.92,2014
MAR,future,2,94.92,2014
MAR,future,3,94.92,2014
MAR,future,4,94.92,2014
MAR,future,5,94.92,2014
MAR,future,6,94.92,2014
MAR,future,7,94.92,2014
MAR,future,8,94.92,2014
MAR,future,9,94.92,2014
MAR,pressures,1,19.96,2014
MAR,pressures,2,19.96,2014
MAR,pressures,3,19.96,2014
MAR,pressures,4,19.96,2014
MAR,pressures,5,19.96,2014
MAR,pressures,6,19.96,2014
MAR,pressures,7,19.96,2014
MAR,pressures,8,19.96,2014
MAR,pressures,9,19.96,2014
MAR,resilience,1,54.49,2014
MAR,resilience,2,54.49,2014
MAR,resilience,3,54.49,2014
MAR,resilience,4,54.49,2014
MAR,resilience,5,54.49,2014
MAR,resilience,6,54.49,2014
MAR,resilience,7,54.49,2014
MAR,resilience,8,54.49,2014
MAR,resilience,9,54.49,2014
MAR,score,0,91.51,2014
MAR,score,1,91.51,2014
MAR,score,2,91.51,2014
MAR,score,3,91.51,2014
MAR,score,4,91.51,2014
MAR,score,5,91.51,2014
MAR,score,6,91.51,2014
MAR,score,7,91.51,2014
MAR,score,8,91.51,2014
MAR,score,9,91.51,2014
MAR,status,0,88.1,2014
MAR,status,1,88.1,2014
MAR,status,2,88.1,2014
MAR,status,3,88.1,2014
MAR,status,4,88.1,2014
MAR,status,5,88.1,2014
MAR,status,6,88.1,2014
MAR,status,7,88.1,2014
MAR,status,8,88.1,2014
MAR,status,9,88.1,2014
MAR,trend,1,-0.05,2014
MAR,trend,2,-0.05,2014
MAR,trend,3,-0.05,2014
MAR,trend,4,-0.05,2014
MAR,trend,5,-0.05,2014
MAR,trend,6,-0.05,2014
MAR,trend,7,-0.05,2014
MAR,trend,8,-0.05,2014
MAR,trend,9,-0.05,2014
NP,future,0,37.85,2014
NP,future,1,37.85,2014
NP,future,2,37.85,2014
NP,future,3,37.85,2014
NP,future,4,37.85,2014
NP,future,5,37.85,2014
NP,future,6,37.85,2014
NP,future,7,37.85,2014
NP,future,8,37.85,2014
NP,future,9,37.85,2014
NP,pressures,1,16.62,2014
NP,pressures,2,16.62,2014
NP,pressures,3,16.62,2014
NP,pressures,4,16.62,2014
NP,pressures,5,16.62,2014
NP,pressures,6,16.62,2014
NP,pressures,7,16.62,2014
NP,pressures,8,16.62,2014
NP,pressures,9,16.62,2014
NP,resilience,1,73.48,2014
NP,resilience,2,73.48,2014
NP,resilience,3,73.48,2014
NP,resilience,4,73.48,2014
NP,resilience,5,73.48,2014
NP,resilience,6,73.48,2014
NP,resilience,7,73.48,2014
NP,resilience,8,73.48,2014
NP,resilience,9,73.48,2014
NP,score,0,33.51,2014
NP,score,1,33.51,2014
NP,score,2,33.51,2014
NP,score,3,33.51,2014
NP,score,4,33.51,2014
NP,score,5,33.51,2014
NP,score,6,33.51,2014
NP,score,7,33.51,2014
NP,score,8,33.51,2014
NP,score,9,33.51,2014
NP,status,0,29.17,2014
NP,status,1,29.17,2014
NP,status,2,29.17,2014
NP,status,3,29.17,2014
NP,status,4,29.17,2014
NP,status,5,29.17,2014
NP,status,6,29.17,2014
NP,status,7,29.17,2014
NP,status,8,29.17,2014
NP,status,9,29.17,2014
NP,trend,1,0.16,2014
NP,trend,2,0.16,2014
NP,trend,3,0.16,2014
NP,trend,4,0.16,2014
NP,trend,5,0.16,2014
NP,trend,6,0.16,2014
NP,trend,7,0.16,2014
NP,trend,8,0.16,2014
NP,trend,9,0.16,2014
SP,future,0,76.46,2014
SP,future,1,76.46,2014
SP,future,2,76.46,2014
SP,future,3,76.46,2014
SP,future,4,76.46,2014
SP,future,5,76.46,2014
SP,future,6,76.46,2014
SP,future,7,76.46,2014
SP,future,8,76.46,2014
SP,future,9,76.46,2014
SP,pressures,1,,2014
SP,pressures,2,,2014
SP,pressures,3,,2014
SP,pressures,4,,2014
SP,pressures,5,,2014
SP,pressures,6,,2014
SP,pressures,7,,2014
SP,pressures,8,,2014
SP,pressures,9,,2014
SP,resilience,1,,2014
SP,resilience,2,,2014
SP,resilience,3,,2014
SP,resilience,4,,2014
SP,resilience,5,,2014
SP,resilience,6,,2014
SP,resilience,7,,2014
SP,resilience,8,,2014
SP,resilience,9,,2014
SP,score,0,72.68,2014
SP,score,1,72.68,2014
SP,score,2,72.68,2014
SP,score,3,72.68,2014
SP,score,4,72.68,2014
SP,score,5,72.68,2014
SP,score,6,72.68,2014
SP,score,7,72.68,2014
SP,score,8,72.68,2014
SP,score,9,72.68,2014
SP,status,0,68.91,2014
SP,status,1,68.91,2014
SP,status,2,68.91,2014
SP,status,3,68.91,2014
SP,status,4,68.91,2014
SP,status,5,68.91,2014
SP,status,6,68.91,2014
SP,status,7,68.91,2014
SP,status,8,68.91,2014
SP,status,9,68.91,2014
SP,trend,1,0.02,2014
SP,trend,2,0.02,2014
SP,trend,3,0.02,2014
SP,trend,4,0.02,2014
SP,trend,5,0.02,2014
SP,trend,6,0.02,2014
SP,trend,7,0.02,2014
SP,trend,8,0.02,2014
SP,trend,9,0.02,2014
SPP,future,0,92,2014
SPP,future,1,92,2014
SPP,future,2,92,2014
SPP,future,3,92,2014
SPP,future,4,92,2014
SPP,future,5,92,2014
SPP,future,6,92,2014
SPP,future,7,92,2014
SPP,future,8,92,2014
SPP,future,9,92,2014
SPP,pressures,1,27.88,2014
SPP,pressures,2,27.88,2014
SPP,pressures,3,27.88,2014
SPP,pressures,4,27.88,2014
SPP,pressures,5,27.88,2014
SPP,pressures,6,27.88,2014
SPP,pressures,7,27.88,2014
SPP,pressures,8,27.88,2014
SPP,pressures,9,27.88,2014
SPP,resilience,1,60.7,2014
SPP,resilience,2,60.7,2014
SPP,resilience,3,60.7,2014
SPP,resilience,4,60.7,2014
SPP,resilience,5,60.7,2014
SPP,resilience,6,60.7,2014
SPP,resilience,7,60.7,2014
SPP,resilience,8,60.7,2014
SPP,resilience,9,60.7,2014
SPP,score,0,91.29,2014
SPP,score,1,91.29,2014
SPP,score,2,91.29,2014
SPP,score,3,91.29,2014
SPP,score,4,91.29,2014
SPP,score,5,91.29,2014
SPP,score,6,91.29,2014
SPP,score,7,91.29,2014
SPP,score,8,91.29,2014
SPP,score,9,91.29,2014
SPP,status,0,90.58,2014
SPP,status,1,90.58,2014
SPP,status,2,90.58,2014
SPP,status,3,90.58,2014
SPP,status,4,90.58,2014
SPP,status,5,90.58,2014
SPP,status,6,90.58,2014
SPP,status,7,90.58,2014
SPP,status,8,90.58,2014
SPP,status,9,90.58,2014
SPP,trend,1,-0.14,2014
SPP,trend,2,-0.14,2014
SPP,trend,3,-0.14,2014
SPP,trend,4,-0.14,2014
SPP,trend,5,-0.14,2014
SPP,trend,6,-0.14,2014
SPP,trend,7,-0.14,2014
SPP,trend,8,-0.14,2014
SPP,trend,9,-0.14,2014
TR,future,0,99.93,2014
TR,future,1,,2014
TR,future,2,,2014
TR,future,3,,2014
TR,future,4,,2014
TR,future,5,100,2014
TR,future,6,100,2014
TR,future,7,100,2014
TR,future,8,99.63,2014
TR,future,9,100,2014
TR,pressures,1,36.48,2014
TR,pressures,2,36.48,2014
TR,pressures,3,36.48,2014
TR,pressures,4,36.48,2014
TR,pressures,5,36.48,2014
TR,pressures,6,36.48,2014
TR,pressures,7,36.48,2014
TR,pressures,8,36.48,2014
TR,pressures,9,36.48,2014
TR,resilience,1,40.4,2014
TR,resilience,2,40.4,2014
TR,resilience,3,40.4,2014
TR,resilience,4,40.4,2014
TR,resilience,5,40.4,2014
TR,resilience,6,40.4,2014
TR,resilience,7,40.4,2014
TR,resilience,8,40.4,2014
TR,resilience,9,40.4,2014
TR,score,0,99.96,2014
TR,score,1,,2014
TR,score,2,,2014
TR,score,3,,2014
TR,score,4,,2014
TR,score,5,100,2014
TR,score,6,100,2014
TR,score,7,100,2014
TR,score,8,99.82,2014
TR,score,9,100,2014
TR,status,0,100,2014
TR,status,1,,2014
TR,status,2,,2014
TR,status,3,,2014
TR,status,4,,2014
TR,status,5,100,2014
TR,status,6,100,2014
TR,status,7,100,2014
TR,status,8,100,2014
TR,status,9,100,2014
TR,trend,1,,2014
TR,trend,2,,2014
TR,trend,3,,2014
TR,trend,4,,2014
TR,trend,5,0,2014
TR,trend,6,0,2014
TR,trend,7,0,2014
TR,trend,8,-0.02,2014
TR,trend,9,0.09,2014
AO,future,0,100,2015
AO,future,1,100,2015
AO,future,2,100,2015
AO,future,3,100,2015
AO,future,4,100,2015
AO,future,5,100,2015
AO,future,6,100,2015
AO,future,7,100,2015
AO,future,8,100,2015
AO,future,9,100,2015
AO,pressures,1,19.69,2015
AO,pressures,2,19.69,2015
AO,pressures,3,19.69,2015
AO,pressures,4,19.69,2015
AO,pressures,5,19.69,2015
AO,pressures,6,19.69,2015
AO,pressures,7,19.69,2015
AO,pressures,8,19.69,2015
AO,pressures,9,19.69,2015
AO,resilience,1,74.11,2015
AO,resilience,2,74.11,2015
AO,resilience,3,74.11,2015
AO,resilience,4,74.11,2015
AO,resilience,5,74.11,2015
AO,resilience,6,74.11,2015
AO,resilience,7,74.11,2015
AO,resilience,8,74.11,2015
AO,resilience,9,74.11,2015
AO,score,0,100,2015
AO,score,1,100,2015
AO,score,2,100,2015
AO,score,3,100,2015
AO,score,4,100,2015
AO,score,5,100,2015
AO,score,6,100,2015
AO,score,7,100,2015
AO,score,8,100,2015
AO,score,9,100,2015
AO,status,0,100,2015
AO,status,1,100,2015
AO,status,2,100,2015
AO,status,3,100,2015
AO,status,4,100,2015
AO,status,5,100,2015
AO,status,6,100,2015
AO,status,7,100,2015
AO,status,8,100,2015
AO,status,9,100,2015
AO,trend,1,0,2015
AO,trend,2,0,2015
AO,trend,3,0,2015
AO,trend,4,0,2015
AO,trend,5,0,2015
AO,trend,6,0,2015
AO,trend,7,0,2015
AO,trend,8,0,2015
AO,trend,9,0,2015
BD,future,0,84.97,2015
BD,future,1,84.97,2015
BD,future,2,84.97,2015
BD,future,3,84.97,2015
BD,future,4,84.97,2015
BD,future,5,84.97,2015
BD,future,6,84.97,2015
BD,future,7,84.97,2015
BD,future,8,84.97,2015
BD,future,9,84.97,2015
BD,pressures,1,,2015
BD,pressures,2,,2015
BD,pressures,3,,2015
BD,pressures,4,,2015
BD,pressures,5,,2015
BD,pressures,6,,2015
BD,pressures,7,,2015
BD,pressures,8,,2015
BD,pressures,9,,2015
BD,resilience,1,,2015
BD,resilience,2,,2015
BD,resilience,3,,2015
BD,resilience,4,,2015
BD,resilience,5,,2015
BD,resilience,6,,2015
BD,resilience,7,,2015
BD,resilience,8,,2015
BD,resilience,9,,2015
BD,score,0,84.05,2015
BD,score,1,84.05,2015
BD,score,2,84.05,2015
BD,score,3,84.05,2015
BD,score,4,84.05,2015
BD,score,5,84.05,2015
BD,score,6,84.05,2015
BD,score,7,84.05,2015
BD,score,8,84.05,2015
BD,score,9,84.05,2015
BD,status,0,83.12,2015
BD,status,1,83.12,2015
BD,status,2,83.12,2015
BD,status,3,83.12,2015
BD,status,4,83.12,2015
BD,status,5,83.12,2015
BD,status,6,83.12,2015
BD,status,7,83.12,2015
BD,status,8,83.12,2015
BD,status,9,83.12,2015
BD,trend,1,-0.16,2015
BD,trend,2,-0.16,2015
BD,trend,3,-0.16,2015
BD,trend,4,-0.16,2015
BD,trend,5,-0.16,2015
BD,trend,6,-0.16,2015
BD,trend,7,-0.16,2015
BD,trend,8,-0.16,2015
BD,trend,9,-0.16,2015
CP,future,0,95.93,2015
CP,future,1,95.93,2015
CP,future,2,95.93,2015
CP,future,3,95.93,2015
CP,future,4,95.93,2015
CP,future,5,95.93,2015
CP,future,6,95.93,2015
CP,future,7,95.93,2015
CP,future,8,95.93,2015
CP,future,9,95.93,2015
CP,pressures,1,25.23,2015
CP,pressures,2,25.23,2015
CP,pressures,3,25.23,2015
CP,pressures,4,25.23,2015
CP,pressures,5,25.23,2015
CP,pressures,6,25.23,2015
CP,pressures,7,25.23,2015
CP,pressures,8,25.23,2015
CP,pressures,9,25.23,2015
CP,resilience,1,73.84,2015
CP,resilience,2,73.84,2015
CP,resilience,3,73.84,2015
CP,resilience,4,73.84,2015
CP,resilience,5,73.84,2015
CP,resilience,6,73.84,2015
CP,resilience,7,73.84,2015
CP,resilience,8,73.84,2015
CP,resilience,9,73.84,2015
CP,score,0,90.9,2015
CP,score,1,90.9,2015
CP,score,2,90.9,2015
CP,score,3,90.9,2015
CP,score,4,90.9,2015
CP,score,5,90.9,2015
CP,score,6,90.9,2015
CP,score,7,90.9,2015
CP,score,8,90.9,2015
CP,score,9,90.9,2015
CP,status,0,85.86,2015
CP,status,1,85.86,2015
CP,status,2,85.86,2015
CP,status,3,85.86,2015
CP,status,4,85.86,2015
CP,status,5,85.86,2015
CP,status,6,85.86,2015
CP,status,7,85.86,2015
CP,status,8,85.86,2015
CP,status,9,85.86,2015
CP,trend,1,-0.06,2015
CP,trend,2,-0.06,2015
CP,trend,3,-0.06,2015
CP,trend,4,-0.06,2015
CP,trend,5,-0.06,2015
CP,trend,6,-0.06,2015
CP,trend,7,-0.06,2015
CP,trend,8,-0.06,2015
CP,trend,9,-0.06,2015
CS,future,0,57.79,2015
CS,future,1,57.79,2015
CS,future,2,57.79,2015
CS,future,3,57.79,2015
CS,future,4,57.79,2015
CS,future,5,57.79,2015
CS,future,6,57.79,2015
CS,future,7,57.79,2015
CS,future,8,57.79,2015
CS,future,9,57.79,2015
CS,pressures,1,26.98,2015
CS,pressures,2,26.98,2015
CS,pressures,3,26.98,2015
CS,pressures,4,26.98,2015
CS,pressures,5,26.98,2015
CS,pressures,6,26.98,2015
CS,pressures,7,26.98,2015
CS,pressures,8,26.98,2015
CS,pressures,9,26.98,2015
CS,resilience,1,50.92,2015
CS,resilience,2,50.92,2015
CS,resilience,3,50.92,2015
CS,resilience,4,50.92,2015
CS,resilience,5,50.92,2015
CS,resilience,6,50.92,2015
CS,resilience,7,50.92,2015
CS,resilience,8,50.92,2015
CS,resilience,9,50.92,2015
CS,score,0,61.76,2015
CS,score,1,61.76,2015
CS,score,2,61.76,2015
CS,score,3,61.76,2015
CS,score,4,61.76,2015
CS,score,5,61.76,2015
CS,score,6,61.76,2015
CS,score,7,61.76,2015
CS,score,8,61.76,2015
CS,score,9,61.76,2015
CS,status,0,65.72,2015
CS,status,1,65.72,2015
CS,status,2,65.72,2015
CS,status,3,65.72,2015
CS,status,4,65.72,2015
CS,status,5,65.72,2015
CS,status,6,65.72,2015
CS,status,7,65.72,2015
CS,status,8,65.72,2015
CS,status,9,65.72,2015
CS,trend,1,-0.3,2015
CS,trend,2,-0.3,2015
CS,trend,3,-0.3,2015
CS,trend,4,-0.3,2015
CS,trend,5,-0.3,2015
CS,trend,6,-0.3,2015
CS,trend,7,-0.3,2015
CS,trend,8,-0.3,2015
CS,trend,9,-0.3,2015
CW,future,0,72.09,2015
CW,future,1,72.09,2015
CW,future,2,72.09,2015
CW,future,3,72.09,2015
CW,future,4,72.09,2015
CW,future,5,72.09,2015
CW,future,6,72.09,2015
CW,future,7,72.09,2015
CW,future,8,72.09,2015
CW,future,9,72.09,2015
CW,pressures,1,52.43,2015
CW,pressures,2,52.43,2015
CW,pressures,3,52.43,2015
CW,pressures,4,52.43,2015
CW,pressures,5,52.43,2015
CW,pressures,6,52.43,2015
CW,pressures,7,52.43,2015
CW,pressures,8,52.43,2015
CW,pressures,9,52.43,2015
CW,resilience,1,40.18,2015
CW,resilience,2,40.18,2015
CW,resilience,3,40.18,2015
CW,resilience,4,40.18,2015
CW,resilience,5,40.18,2015
CW,resilience,6,40.18,2015
CW,resilience,7,40.18,2015
CW,resilience,8,40.18,2015
CW,resilience,9,40.18,2015
CW,score,0,74.58,2015
CW,score,1,74.58,2015
CW,score,2,74.58,2015
CW,score,3,74.58,2015
CW,score,4,74.58,2015
CW,score,5,74.58,2015
CW,score,6,74.58,2015
CW,score,7,74.58,2015
CW,score,8,74.58,2015
CW,score,9,74.58,2015
CW,status,0,77.06,2015
CW,status,1,77.06,2015
CW,status,2,77.06,2015
CW,status,3,77.06,2015
CW,status,4,77.06,2015
CW,status,5,77.06,2015
CW,status,6,77.06,2015
CW,status,7,77.06,2015
CW,status,8,77.06,2015
CW,status,9,77.06,2015
CW,trend,1,-0.04,2015
CW,trend,2,-0.04,2015
CW,trend,3,-0.04,2015
CW,trend,4,-0.04,2015
CW,trend,5,-0.04,2015
CW,trend,6,-0.04,2015
CW,trend,7,-0.04,2015
CW,trend,8,-0.04,2015
CW,trend,9,-0.04,2015
ECO,future,0,95.76,2015
ECO,future,1,,2015
ECO,future,2,,2015
ECO,future,3,,2015
ECO,future,4,,2015
ECO,future,5,100,2015
ECO,future,6,100,2015
ECO,future,7,100,2015
ECO,future,8,100,2015
ECO,future,9,78.78,2015
ECO,pressures,1,21.17,2015
ECO,pressures,2,21.17,2015
ECO,pressures,3,21.17,2015
ECO,pressures,4,21.17,2015
ECO,pressures,5,21.17,2015
ECO,pressures,6,21.17,2015
ECO,pressures,7,21.17,2015
ECO,pressures,8,21.17,2015
ECO,pressures,9,21.17,2015
ECO,resilience,1,80.37,2015
ECO,resilience,2,80.37,2015
ECO,resilience,3,80.37,2015
ECO,resilience,4,80.37,2015
ECO,resilience,5,80.37,2015
ECO,resilience,6,80.37,2015
ECO,resilience,7,80.37,2015
ECO,resilience,8,80.37,2015
ECO,resilience,9,80.37,2015
ECO,score,0,95.49,2015
ECO,score,1,,2015
ECO,score,2,,2015
ECO,score,3,,2015
ECO,score,4,,2015
ECO,score,5,100,2015
ECO,score,6,100,2015
ECO,score,7,100,2015
ECO,score,8,100,2015
ECO,score,9,77.44,2015
ECO,status,0,95.22,2015
ECO,status,1,,2015
ECO,status,2,,2015
ECO,status,3,,2015
ECO,status,4,,2015
ECO,status,5,100,2015
ECO,status,6,100,2015
ECO,status,7,100,2015
ECO,status,8,100,2015
ECO,status,9,76.1,2015
ECO,trend,1,,2015
ECO,trend,2,,2015
ECO,trend,3,,2015
ECO,trend,4,,2015
ECO,trend,5,-0.08,2015
ECO,trend,6,0,2015
ECO,trend,7,0,2015
ECO,trend,8,1,2015
ECO,trend,9,-0.24,2015
FIS,future,0,57.63,2015
FIS,future,1,57.63,2015
FIS,future,2,57.63,2015
FIS,future,3,57.63,2015
FIS,future,4,57.63,2015
FIS,future,5,57.63,2015
FIS,future,6,57.63,2015
FIS,future,7,57.63,2015
FIS,future,8,57.63,2015
FIS,future,9,57.63,2015
FIS,pressures,1,25.18,2015
FIS,pressures,2,25.18,2015
FIS,pressures,3,25.18,2015
FIS,pressures,4,25.18,2015
FIS,pressures,5,25.18,2015
FIS,pressures,6,25.18,2015
FIS,pressures,7,25.18,2015
FIS,pressures,8,25.18,2015
FIS,pressures,9,25.18,2015
FIS,resilience,1,75.9,2015
FIS,resilience,2,75.9,2015
FIS,resilience,3,75.9,2015
FIS,resilience,4,75.9,2015
FIS,resilience,5,75.9,2015
FIS,resilience,6,75.9,2015
FIS,resilience,7,75.9,2015
FIS,resilience,8,75.9,2015
FIS,resilience,9,75.9,2015
FIS,score,0,54.96,2015
FIS,score,1,54.96,2015
FIS,score,2,54.96,2015
FIS,score,3,54.96,2015
FIS,score,4,54.96,2015
FIS,score,5,54.96,2015
FIS,score,6,54.96,2015
FIS,score,7,54.96,2015
FIS,score,8,54.96,2015
FIS,score,9,54.96,2015
FIS,status,0,52.3,2015
FIS,status,1,52.3,2015
FIS,status,2,52.3,2015
FIS,status,3,52.3,2015
FIS,status,4,52.3,2015
FIS,status,5,52.3,2015
FIS,status,6,52.3,2015
FIS,status,7,52.3,2015
FIS,status,8,52.3,2015
FIS,status,9,52.3,2015
FIS,trend,1,-0.1,2015
FIS,trend,2,-0.1,2015
FIS,trend,3,-0.1,2015
FIS,trend,4,-0.1,2015
FIS,trend,5,-0.1,2015
FIS,trend,6,-0.1,2015
FIS,trend,7,-0.1,2015
FIS,trend,8,-0.1,2015
FIS,trend,9,-0.1,2015
FP,future,0,59.05,2015
FP,future,1,59.05,2015
FP,future,2,59.05,2015
FP,future,3,59.05,2015
FP,future,4,59.05,2015
FP,future,5,59.05,2015
FP,future,6,59.05,2015
FP,future,7,59.05,2015
FP,future,8,59.05,2015
FP,future,9,59.05,2015
FP,pressures,1,,2015
FP,pressures,2,,2015
FP,pressures,3,,2015
FP,pressures,4,,2015
FP,pressures,5,,2015
FP,pressures,6,,2015
FP,pressures,7,,2015
FP,pressures,8,,2015
FP,pressures,9,,2015
FP,resilience,1,,2015
FP,resilience,2,,2015
FP,resilience,3,,2015
FP,resilience,4,,2015
FP,resilience,5,,2015
FP,resilience,6,,2015
FP,resilience,7,,2015
FP,resilience,8,,2015
FP,resilience,9,,2015
FP,score,0,56.33,2015
FP,score,1,56.33,2015
FP,score,2,56.33,2015
FP,score,3,56.33,2015
FP,score,4,56.33,2015
FP,score,5,56.33,2015
FP,score,6,56.33,2015
FP,score,7,56.33,2015
FP,score,8,56.33,2015
FP,score,9,56.33,2015
FP,status,0,53.6,2015
FP,status,1,53.6,2015
FP,status,2,53.6,2015
FP,status,3,53.6,2015
FP,status,4,53.6,2015
FP,status,5,53.6,2015
FP,status,6,53.6,2015
FP,status,7,53.6,2015
FP,status,8,53.6,2015
FP,status,9,53.6,2015
FP,trend,1,-0.09,2015
FP,trend,2,-0.09,2015
FP,trend,3,-0.09,2015
FP,trend,4,-0.09,2015
FP,trend,5,-0.09,2015
FP,trend,6,-0.09,2015
FP,trend,7,-0.09,2015
FP,trend,8,-0.09,2015
FP,trend,9,-0.09,2015
HAB,future,0,77.89,2015
HAB,future,1,77.89,2015
HAB,future,2,77.89,2015
HAB,future,3,77.89,2015
HAB,future,4,77.89,2015
HAB,future,5,77.89,2015
HAB,future,6,77.89,2015
HAB,future,7,77.89,2015
HAB,future,8,77.89,2015
HAB,future,9,77.89,2015
HAB,pressures,1,25.34,2015
HAB,pressures,2,25.34,2015
HAB,pressures,3,25.34,2015
HAB,pressures,4,25.34,2015
HAB,pressures,5,25.34,2015
HAB,pressures,6,25.34,2015
HAB,pressures,7,25.34,2015
HAB,pressures,8,25.34,2015
HAB,pressures,9,25.34,2015
HAB,resilience,1,72.17,2015
HAB,resilience,2,72.17,2015
HAB,resilience,3,72.17,2015
HAB,resilience,4,72.17,2015
HAB,resilience,5,72.17,2015
HAB,resilience,6,72.17,2015
HAB,resilience,7,72.17,2015
HAB,resilience,8,72.17,2015
HAB,resilience,9,72.17,2015
HAB,score,0,76.78,2015
HAB,score,1,76.78,2015
HAB,score,2,76.78,2015
HAB,score,3,76.78,2015
HAB,score,4,76.78,2015
HAB,score,5,76.78,2015
HAB,score,6,76.78,2015
HAB,score,7,76.78,2015
HAB,score,8,76.78,2015
HAB,score,9,76.78,2015
HAB,status,0,75.66,2015
HAB,status,1,75.66,2015
HAB,status,2,75.66,2015
HAB,status,3,75.66,2015
HAB,status,4,75.66,2015
HAB,status,5,75.66,2015
HAB,status,6,75.66,2015
HAB,status,7,75.66,2015
HAB,status,8,75.66,2015
HAB,status,9,75.66,2015
HAB,trend,1,-0.19,2015
HAB,trend,2,-0.19,2015
HAB,trend,3,-0.19,2015
HAB,trend,4,-0.19,2015
HAB,trend,5,-0.19,2015
HAB,trend,6,-0.19,2015
HAB,trend,7,-0.19,2015
HAB,trend,8,-0.19,2015
HAB,trend,9,-0.19,2015
ICO,future,0,76.1,2015
ICO,future,1,76.1,2015
ICO,future,2,76.1,2015
ICO,future,3,76.1,2015
ICO,future,4,76.1,2015
ICO,future,5,76.1,2015
ICO,future,6,76.1,2015
ICO,future,7,76.1,2015
ICO,future,8,76.1,2015
ICO,future,9,76.1,2015
ICO,pressures,1,29.03,2015
ICO,pressures,2,29.03,2015
ICO,pressures,3,29.03,2015
ICO,pressures,4,29.03,2015
ICO,pressures,5,29.03,2015
ICO,pressures,6,29.03,2015
ICO,pressures,7,29.03,2015
ICO,pressures,8,29.03,2015
ICO,pressures,9,29.03,2015
ICO,resilience,1,73.87,2015
ICO,resilience,2,73.87,2015
ICO,resilience,3,73.87,2015
ICO,resilience,4,73.87,2015
ICO,resilience,5,73.87,2015
ICO,resilience,6,73.87,2015
ICO,resilience,7,73.87,2015
ICO,resilience,8,73.87,2015
ICO,resilience,9,73.87,2015
ICO,score,0,70.52,2015
ICO,score,1,70.52,2015
ICO,score,2,70.52,2015
ICO,score,3,70.52,2015
ICO,score,4,70.52,2015
ICO,score,5,70.52,2015
ICO,score,6,70.52,2015
ICO,score,7,70.52,2015
ICO,score,8,70.52,2015
ICO,score,9,70.52,2015
ICO,status,0,64.94,2015
ICO,status,1,64.94,2015
ICO,status,2,64.94,2015
ICO,status,3,64.94,2015
ICO,status,4,64.94,2015
ICO,status,5,64.94,2015
ICO,status,6,64.94,2015
ICO,status,7,64.94,2015
ICO,status,8,64.94,2015
ICO,status,9,64.94,2015
ICO,trend,1,0.04,2015
ICO,trend,2,0.04,2015
ICO,trend,3,0.04,2015
ICO,trend,4,0.04,2015
ICO,trend,5,0.04,2015
ICO,trend,6,0.04,2015
ICO,trend,7,0.04,2015
ICO,trend,8,0.04,2015
ICO,trend,9,0.04,2015
Index,future,0,75.62,2015
Index,future,1,72.71,2015
Index,future,2,72.71,2015
Index,future,3,72.71,2015
Index,future,4,72.71,2015
Index,future,5,78.16,2015
Index,future,6,78.16,2015
Index,future,7,78.16,2015
Index,future,8,78.16,2015
Index,future,9,77.1,2015
Index,score,0,74.53,2015
Index,score,1,71.5,2015
Index,score,2,71.5,2015
Index,score,3,71.5,2015
Index,score,4,71.5,2015
Index,score,5,77.13,2015
Index,score,6,77.2,2015
Index,score,7,77.2,2015
Index,score,8,77.2,2015
Index,score,9,76.07,2015
LE,future,0,97.88,2015
LE,future,1,NaN,2015
LE,future,2,NaN,2015
LE,future,3,NaN,2015
LE,future,4,NaN,2015
LE,future,5,100,2015
LE,future,6,100,2015
LE,future,7,100,2015
LE,future,8,100,2015
LE,future,9,89.39,2015
LE,pressures,1,,2015
LE,pressures,2,,2015
LE,pressures,3,,2015
LE,pressures,4,,2015
LE,pressures,5,,2015
LE,pressures,6,,2015
LE,pressures,7,,2015
LE,pressures,8,,2015
LE,pressures,9,,2015
LE,resilience,1,,2015
LE,resilience,2,,2015
LE,resilience,3,,2015
LE,resilience,4,,2015
LE,resilience,5,,2015
LE,resilience,6,,2015
LE,resilience,7,,2015
LE,resilience,8,,2015
LE,resilience,9,,2015
LE,score,0,97.6,2015
LE,score,1,NaN,2015
LE,score,2,NaN,2015
LE,score,3,NaN,2015
LE,score,4,NaN,2015
LE,score,5,99.27,2015
LE,score,6,100,2015
LE,score,7,100,2015
LE,score,8,100,2015
LE,score,9,88.72,2015
LE,status,0,97.32,2015
LE,status,1,NaN,2015
LE,status,2,NaN,2015
LE,status,3,NaN,2015
LE,status,4,NaN,2015
LE,status,5,98.55,2015
LE,status,6,100,2015
LE,status,7,100,2015
LE,status,8,100,2015
LE,status,9,88.05,2015
LE,trend,1,NaN,2015
LE,trend,2,NaN,2015
LE,trend,3,NaN,2015
LE,trend,4,NaN,2015
LE,trend,5,-0.02,2015
LE,trend,6,0.03,2015
LE,trend,7,0.01,2015
LE,trend,8,0.87,2015
LE,trend,9,-0.09,2015
LIV,future,0,100,2015
LIV,future,1,,2015
LIV,future,2,,2015
LIV,future,3,,2015
LIV,future,4,,2015
LIV,future,5,100,2015
LIV,future,6,100,2015
LIV,future,7,100,2015
LIV,future,8,100,2015
LIV,future,9,100,2015
LIV,pressures,1,21.86,2015
LIV,pressures,2,21.86,2015
LIV,pressures,3,21.86,2015
LIV,pressures,4,21.86,2015
LIV,pressures,5,21.86,2015
LIV,pressures,6,21.86,2015
LIV,pressures,7,21.86,2015
LIV,pressures,8,21.86,2015
LIV,pressures,9,21.86,2015
LIV,resilience,1,80.37,2015
LIV,resilience,2,80.37,2015
LIV,resilience,3,80.37,2015
LIV,resilience,4,80.37,2015
LIV,resilience,5,80.37,2015
LIV,resilience,6,80.37,2015
LIV,resilience,7,80.37,2015
LIV,resilience,8,80.37,2015
LIV,resilience,9,80.37,2015
LIV,score,0,99.71,2015
LIV,score,1,,2015
LIV,score,2,,2015
LIV,score,3,,2015
LIV,score,4,,2015
LIV,score,5,98.55,2015
LIV,score,6,100,2015
LIV,score,7,100,2015
LIV,score,8,100,2015
LIV,score,9,100,2015
LIV,status,0,99.42,2015
LIV,status,1,,2015
LIV,status,2,,2015
LIV,status,3,,2015
LIV,status,4,,2015
LIV,status,5,97.1,2015
LIV,status,6,100,2015
LIV,status,7,100,2015
LIV,status,8,100,2015
LIV,status,9,100,2015
LIV,trend,1,,2015
LIV,trend,2,,2015
LIV,trend,3,,2015
LIV,trend,4,,2015
LIV,trend,5,0.04,2015
LIV,trend,6,0.07,2015
LIV,trend,7,0.02,2015
LIV,trend,8,0.74,2015
LIV,trend,9,0.06,2015
LSP,future,0,76.75,2015
LSP,future,1,76.75,2015
LSP,future,2,76.75,2015
LSP,future,3,76.75,2015
LSP,future,4,76.75,2015
LSP,future,5,76.75,2015
LSP,future,6,76.75,2015
LSP,future,7,76.75,2015
LSP,future,8,76.75,2015
LSP,future,9,76.75,2015
LSP,pressures,1,34.97,2015
LSP,pressures,2,34.97,2015
LSP,pressures,3,34.97,2015
LSP,pressures,4,34.97,2015
LSP,pressures,5,34.97,2015
LSP,pressures,6,34.97,2015
LSP,pressures,7,34.97,2015
LSP,pressures,8,34.97,2015
LSP,pressures,9,34.97,2015
LSP,resilience,1,49.27,2015
LSP,resilience,2,49.27,2015
LSP,resilience,3,49.27,2015
LSP,resilience,4,49.27,2015
LSP,resilience,5,49.27,2015
LSP,resilience,6,49.27,2015
LSP,resilience,7,49.27,2015
LSP,resilience,8,49.27,2015
LSP,resilience,9,49.27,2015
LSP,score,0,74.92,2015
LSP,score,1,74.92,2015
LSP,score,2,74.92,2015
LSP,score,3,74.92,2015
LSP,score,4,74.92,2015
LSP,score,5,74.92,2015
LSP,score,6,74.92,2015
LSP,score,7,74.92,2015
LSP,score,8,74.92,2015
LSP,score,9,74.92,2015
LSP,status,0,73.09,2015
LSP,status,1,73.09,2015
LSP,status,2,73.09,2015
LSP,status,3,73.09,2015
LSP,status,4,73.09,2015
LSP,status,5,73.09,2015
LSP,status,6,73.09,2015
LSP,status,7,73.09,2015
LSP,status,8,73.09,2015
LSP,status,9,73.09,2015
LSP,trend,1,0,2015
LSP,trend,2,0,2015
LSP,trend,3,0,2015
LSP,trend,4,0,2015
LSP,trend,5,0,2015
LSP,trend,6,0,2015
LSP,trend,7,0,2015
LSP,trend,8,0,2015
LSP,trend,9,0,2015
MAR,future,0,100,2015
MAR,future,1,100,2015
MAR,future,2,100,2015
MAR,future,3,100,2015
MAR,future,4,100,2015
MAR,future,5,100,2015
MAR,future,6,100,2015
MAR,future,7,100,2015
MAR,future,8,100,2015
MAR,future,9,100,2015
MAR,pressures,1,20.64,2015
MAR,pressures,2,20.64,2015
MAR,pressures,3,20.64,2015
MAR,pressures,4,20.64,2015
MAR,pressures,5,20.64,2015
MAR,pressures,6,20.64,2015
MAR,pressures,7,20.64,2015
MAR,pressures,8,20.64,2015
MAR,pressures,9,20.64,2015
MAR,resilience,1,54.28,2015
MAR,resilience,2,54.28,2015
MAR,resilience,3,54.28,2015
MAR,resilience,4,54.28,2015
MAR,resilience,5,54.28,2015
MAR,resilience,6,54.28,2015
MAR,resilience,7,54.28,2015
MAR,resilience,8,54.28,2015
MAR,resilience,9,54.28,2015
MAR,score,0,95.55,2015
MAR,score,1,95.55,2015
MAR,score,2,95.55,2015
MAR,score,3,95.55,2015
MAR,score,4,95.55,2015
MAR,score,5,95.55,2015
MAR,score,6,95.55,2015
MAR,score,7,95.55,2015
MAR,score,8,95.55,2015
MAR,score,9,95.55,2015
MAR,status,0,91.1,2015
MAR,status,1,91.1,2015
MAR,status,2,91.1,2015
MAR,status,3,91.1,2015
MAR,status,4,91.1,2015
MAR,status,5,91.1,2015
MAR,status,6,91.1,2015
MAR,status,7,91.1,2015
MAR,status,8,91.1,2015
MAR,status,9,91.1,2015
MAR,trend,1,0,2015
MAR,trend,2,0,2015
MAR,trend,3,0,2015
MAR,trend,4,0,2015
MAR,trend,5,0,2015
MAR,trend,6,0,2015
MAR,trend,7,0,2015
MAR,trend,8,0,2015
MAR,trend,9,0,2015
NP,future,0,35.38,2015
NP,future,1,35.38,2015
NP,future,2,35.38,2015
NP,future,3,35.38,2015
NP,future,4,35.38,2015
NP,future,5,35.38,2015
NP,future,6,35.38,2015
NP,future,7,35.38,2015
NP,future,8,35.38,2015
NP,future,9,35.38,2015
NP,pressures,1,16.88,2015
NP,pressures,2,16.88,2015
NP,pressures,3,16.88,2015
NP,pressures,4,16.88,2015
NP,pressures,5,16.88,2015
NP,pressures,6,16.88,2015
NP,pressures,7,16.88,2015
NP,pressures,8,16.88,2015
NP,pressures,9,16.88,2015
NP,resilience,1,73.27,2015
NP,resilience,2,73.27,2015
NP,resilience,3,73.27,2015
NP,resilience,4,73.27,2015
NP,resilience,5,73.27,2015
NP,resilience,6,73.27,2015
NP,resilience,7,73.27,2015
NP,resilience,8,73.27,2015
NP,resilience,9,73.27,2015
NP,score,0,31.68,2015
NP,score,1,31.68,2015
NP,score,2,31.68,2015
NP,score,3,31.68,2015
NP,score,4,31.68,2015
NP,score,5,31.68,2015
NP,score,6,31.68,2015
NP,score,7,31.68,2015
NP,score,8,31.68,2015
NP,score,9,31.68,2015
NP,status,0,27.98,2015
NP,status,1,27.98,2015
NP,status,2,27.98,2015
NP,status,3,27.98,2015
NP,status,4,27.98,2015
NP,status,5,27.98,2015
NP,status,6,27.98,2015
NP,status,7,27.98,2015
NP,status,8,27.98,2015
NP,status,9,27.98,2015
NP,trend,1,0.12,2015
NP,trend,2,0.12,2015
NP,trend,3,0.12,2015
NP,trend,4,0.12,2015
NP,trend,5,0.12,2015
NP,trend,6,0.12,2015
NP,trend,7,0.12,2015
NP,trend,8,0.12,2015
NP,trend,9,0.12,2015
SP,future,0,76.43,2015
SP,future,1,76.43,2015
SP,future,2,76.43,2015
SP,future,3,76.43,2015
SP,future,4,76.43,2015
SP,future,5,76.43,2015
SP,future,6,76.43,2015
SP,future,7,76.43,2015
SP,future,8,76.43,2015
SP,future,9,76.43,2015
SP,pressures,1,,2015
SP,pressures,2,,2015
SP,pressures,3,,2015
SP,pressures,4,,2015
SP,pressures,5,,2015
SP,pressures,6,,2015
SP,pressures,7,,2015
SP,pressures,8,,2015
SP,pressures,9,,2015
SP,resilience,1,,2015
SP,resilience,2,,2015
SP,resilience,3,,2015
SP,resilience,4,,2015
SP,resilience,5,,2015
SP,resilience,6,,2015
SP,resilience,7,,2015
SP,resilience,8,,2015
SP,resilience,9,,2015
SP,score,0,72.72,2015
SP,score,1,72.72,2015
SP,score,2,72.72,2015
SP,score,3,72.72,2015
SP,score,4,72.72,2015
SP,score,5,72.72,2015
SP,score,6,72.72,2015
SP,score,7,72.72,2015
SP,score,8,72.72,2015
SP,score,9,72.72,2015
SP,status,0,69.02,2015
SP,status,1,69.02,2015
SP,status,2,69.02,2015
SP,status,3,69.02,2015
SP,status,4,69.02,2015
SP,status,5,69.02,2015
SP,status,6,69.02,2015
SP,status,7,69.02,2015
SP,status,8,69.02,2015
SP,status,9,69.02,2015
SP,trend,1,0.02,2015
SP,trend,2,0.02,2015
SP,trend,3,0.02,2015
SP,trend,4,0.02,2015
SP,trend,5,0.02,2015
SP,trend,6,0.02,2015
SP,trend,7,0.02,2015
SP,trend,8,0.02,2015
SP,trend,9,0.02,2015
SPP,future,0,92.05,2015
SPP,future,1,92.05,2015
SPP,future,2,92.05,2015
SPP,future,3,92.05,2015
SPP,future,4,92.05,2015
SPP,future,5,92.05,2015
SPP,future,6,92.05,2015
SPP,future,7,92.05,2015
SPP,future,8,92.05,2015
SPP,future,9,92.05,2015
SPP,pressures,1,27.48,2015
SPP,pressures,2,27.48,2015
SPP,pressures,3,27.48,2015
SPP,pressures,4,27.48,2015
SPP,pressures,5,27.48,2015
SPP,pressures,6,27.48,2015
SPP,pressures,7,27.48,2015
SPP,pressures,8,27.48,2015
SPP,pressures,9,27.48,2015
SPP,resilience,1,60.48,2015
SPP,resilience,2,60.48,2015
SPP,resilience,3,60.48,2015
SPP,resilience,4,60.48,2015
SPP,resilience,5,60.48,2015
SPP,resilience,6,60.48,2015
SPP,resilience,7,60.48,2015
SPP,resilience,8,60.48,2015
SPP,resilience,9,60.48,2015
SPP,score,0,91.31,2015
SPP,score,1,91.31,2015
SPP,score,2,91.31,2015
SPP,score,3,91.31,2015
SPP,score,4,91.31,2015
SPP,score,5,91.31,2015
SPP,score,6,91.31,2015
SPP,score,7,91.31,2015
SPP,score,8,91.31,2015
SPP,score,9,91.31,2015
SPP,status,0,90.58,2015
SPP,status,1,90.58,2015
SPP,status,2,90.58,2015
SPP,status,3,90.58,2015
SPP,status,4,90.58,2015
SPP,status,5,90.58,2015
SPP,status,6,90.58,2015
SPP,status,7,90.58,2015
SPP,status,8,90.58,2015
SPP,status,9,90.58,2015
SPP,trend,1,-0.14,2015
SPP,trend,2,-0.14,2015
SPP,trend,3,-0.14,2015
SPP,trend,4,-0.14,2015
SPP,trend,5,-0.14,2015
SPP,trend,6,-0.14,2015
SPP,trend,7,-0.14,2015
SPP,trend,8,-0.14,2015
SPP,trend,9,-0.14,2015
TR,future,0,100,2015
TR,future,1,,2015
TR,future,2,,2015
TR,future,3,,2015
TR,future,4,,2015
TR,future,5,100,2015
TR,future,6,100,2015
TR,future,7,100,2015
TR,future,8,100,2015
TR,future,9,100,2015
TR,pressures,1,38.4,2015
TR,pressures,2,38.4,2015
TR,pressures,3,38.4,2015
TR,pressures,4,38.4,2015
TR,pressures,5,38.4,2015
TR,pressures,6,38.4,2015
TR,pressures,7,38.4,2015
TR,pressures,8,38.4,2015
TR,pressures,9,38.4,2015
TR,resilience,1,40.18,2015
TR,resilience,2,40.18,2015
TR,resilience,3,40.18,2015
TR,resilience,4,40.18,2015
TR,resilience,5,40.18,2015
TR,resilience,6,40.18,2015
TR,resilience,7,40.18,2015
TR,resilience,8,40.18,2015
TR,resilience,9,40.18,2015
TR,score,0,100,2015
TR,score,1,,2015
TR,score,2,,2015
TR,score,3,,2015
TR,score,4,,2015
TR,score,5,100,2015
TR,score,6,100,2015
TR,score,7,100,2015
TR,score,8,100,2015
TR,score,9,100,2015
TR,status,0,100,2015
TR,status,1,,2015
TR,status,2,,2015
TR,status,3,,2015
TR,status,4,,2015
TR,status,5,100,2015
TR,status,6,100,2015
TR,status,7,100,2015
TR,status,8,100,2015
TR,status,9,100,2015
TR,trend,1,,2015
TR,trend,2,,2015
TR,trend,3,,2015
TR,trend,4,,2015
TR,trend,5,0,2015
TR,trend,6,0,2015
TR,trend,7,0,2015
TR,trend,8,0,2015
TR,trend,9,0.21,2015
